HolidayType,Price,NumberOfPersons,Region,isCar,isTrain,isCoach,isPlane,Duration,Season,Accommodation,Hotel
Skiing,1164.0,5.0,Bavaria,1,0,0,0,14.0,3,6,HFlat Chiemgau Bavaria
Active,684.0,2.0,Bavaria,1,0,0,0,7.0,2,6,HFlat Chiemgau Bavaria
Bathing,399.0,6.0,Belgium,1,0,0,0,3.0,10,6,HFlat Belgium
Recreation,949.0,4.0,Bavaria,1,0,0,0,7.0,3,2,Pension Laerchenhof Bavaria
Bathing,499.0,4.0,Belgium,1,0,0,0,3.0,9,6,HFlat Belgium
Active,745.0,3.0,Bavaria,1,0,0,0,7.0,2,2,Pension Laerchenhof Bavaria
Recreation,1079.0,4.0,Belgium,1,0,0,0,7.0,8,6,HFlat Belgium
Skiing,1658.0,2.0,Bavaria,1,0,0,0,7.0,4,4,Hotel Seidlpark Bavaria
Recreation,1638.0,4.0,Belgium,1,0,0,0,14.0,7,6,HFlat Belgium
Active,2985.0,3.0,Bavaria,1,0,0,0,14.0,3,4,Hotel Seidlpark Bavaria
Active,1448.0,3.0,Belgium,1,0,0,0,14.0,10,6,HFlat Belgium
Skiing,2072.0,3.0,Bavaria,1,0,0,0,7.0,3,4,Residenz Ludwig Bavaria
Recreation,978.0,2.0,Belgium,1,0,0,0,7.0,9,3,Acces Hotel Mercure Belgium
Active,1658.0,2.0,Bavaria,1,0,0,0,7.0,2,4,Residenz Ludwig Bavaria
Recreation,978.0,3.0,Belgium,1,0,0,0,7.0,8,3,Acces Hotel Mercure Belgium
Active,3448.0,2.0,Bavaria,1,0,0,0,10.0,1,3,Hotel Bavaria Bavaria
Active,798.0,3.0,Belgium,1,0,0,0,7.0,7,2,Hotel Ostend Belgium
Recreation,3188.0,2.0,Bavaria,1,0,0,0,14.0,3,3,Hotel Bavaria Bavaria
Recreation,1568.0,2.0,Belgium,1,0,0,0,14.0,6,2,Hotel Ostend Belgium
City,2468.0,2.0,Cairo,0,0,0,1,7.0,9,5,Hotel Moevenpick Cairo
Recreation,484.0,2.0,Harz,1,0,0,0,7.0,9,6,HFlat Harz
Wandering,3768.0,2.0,Harz,1,0,0,0,14.0,6,5,Hotel Maritim Harz
Wandering,699.0,4.0,SalzbergerLand,1,0,0,0,7.0,8,6,HFlat Salzb Land
Recreation,1888.0,3.0,Harz,0,1,0,0,7.0,8,5,Hotel Maritim Harz
Wandering,729.0,6.0,SalzbergerLand,1,0,0,0,7.0,7,6,HFlat Salzb Land
Recreation,1888.0,2.0,Harz,1,0,0,0,7.0,7,5,Hotel Maritim Harz
Wandering,684.0,4.0,SalzbergerLand,1,0,0,0,7.0,6,6,HFlat Salzb Land
Wandering,1172.0,3.0,Harz,1,0,0,0,7.0,6,3,Hotel Waldfrieden Harz
Recreation,1518.0,2.0,SalzbergerLand,1,0,0,0,7.0,7,5,Alpnerresidenz Salzb Land
Recreation,1868.0,2.0,Harz,1,0,0,0,14.0,10,3,Hotel Waldfrieden Harz
Wandering,1798.0,2.0,SalzbergerLand,1,0,0,0,7.0,8,5,Alpnerresidenz Salzb Land
Recreation,1501.0,4.0,Harz,1,0,0,0,7.0,9,3,Hotel Waldfrieden Harz
Active,2627.0,3.0,SalzbergerLand,1,0,0,0,14.0,10,4,Hotel Norica Salzb Land
Recreation,1072.0,3.0,Harz,1,0,0,0,7.0,8,3,Hotel Waldfrieden Harz
Wandering,2127.0,4.0,SalzbergerLand,1,0,0,0,7.0,9,4,Hotel Norica Salzb Land
Wandering,948.0,2.0,Harz,0,1,0,0,14.0,7,2,Hotel Brockenscheideck Harz
Recreation,2322.0,3.0,SalzbergerLand,1,0,0,0,14.0,8,4,Hotel Eschbacher Salzb Land
Recreation,478.0,2.0,Harz,1,0,0,0,7.0,6,2,Hotel Brockenscheideck Harz
Wandering,1538.0,3.0,SalzbergerLand,1,0,0,0,14.0,7,4,Hotel Eschbacher Salzb Land
Recreation,2038.0,2.0,SalzbergerLand,1,0,0,0,21.0,6,3,Gasthof Bachschmied Salzb Land
City,2608.0,2.0,Cairo,0,0,0,1,7.0,6,5,Hotel Moevenpick Cairo
City,1269.0,1.0,Cairo,0,0,0,1,14.0,8,3,Hotel New Marwa Palace Cairo
City,2658.0,2.0,Cairo,0,0,0,1,7.0,6,3,Hotel New Marwa Palace Cairo
City,2308.0,2.0,Cairo,0,0,0,1,7.0,5,3,Hotel New Marwa Palace Cairo
City,1154.0,1.0,Cairo,0,0,0,1,7.0,11,3,Hotel New Marwa Palace Cairo
City,1898.0,2.0,Cairo,0,0,0,1,7.0,10,3,Hotel Victoria Cairo
City,2158.0,2.0,Cairo,0,0,0,1,14.0,7,3,Hotel Victoria Cairo
City,1898.0,2.0,Cairo,0,0,0,1,7.0,6,3,Hotel Victoria Cairo
City,1978.0,2.0,Cairo,0,0,0,1,7.0,5,3,Hotel Victoria Cairo
Education,3738.0,2.0,Egypt,0,0,0,1,14.0,11,4,Anlage Arabia Beach Egypt
Wandering,718.0,2.0,SalzbergerLand,1,0,0,0,7.0,10,3,Gasthof Bachschmied Salzb Land
Active,837.0,4.0,SalzbergerLand,1,0,0,0,7.0,9,3,Hotel Tauernhof Salzb Land
Wandering,1572.0,3.0,SalzbergerLand,1,0,0,0,14.0,8,3,Hotel Tauernhof Salzb Land
Recreation,418.0,2.0,SalzbergerLand,1,0,0,0,7.0,7,2,Pension Claudia Salzb Land
Wandering,778.0,2.0,SalzbergerLand,1,0,0,0,14.0,6,2,Pension Claudia Salzb Land
Active,579.0,4.0,Carinthia,1,0,0,0,7.0,10,6,HFlat Kaernten
Active,829.0,6.0,Carinthia,1,0,0,0,7.0,9,6,HFlat Kaernten
Recreation,1358.0,3.0,Carinthia,1,0,0,0,14.0,8,6,HFlat Kaernten
Recreation,1073.0,2.0,Carinthia,1,0,0,0,14.0,7,6,HFlat Kaernten
Recreation,559.0,3.0,Carinthia,1,0,0,0,7.0,6,6,HFlat Kaernten
Recreation,1149.0,6.0,Carinthia,1,0,0,0,7.0,10,6,HFlat Kaernten
Wandering,1858.0,3.0,Carinthia,1,0,0,0,14.0,9,6,HFlat Kaernten
Wandering,779.0,4.0,Carinthia,1,0,0,0,7.0,8,6,HFlat Kaernten
Wandering,1049.0,6.0,Carinthia,1,0,0,0,7.0,7,6,HFlat Kaernten
Wandering,499.0,4.0,Carinthia,1,0,0,0,7.0,6,6,HFlat Kaernten
Active,2572.0,3.0,Carinthia,1,0,0,0,14.0,8,3,Aktivhotel Alte Muehle Carinthia
Recreation,1698.0,2.0,Carinthia,1,0,0,0,14.0,6,3,Hotel Ebner Carinthia
Recreation,1058.0,2.0,Carinthia,1,0,0,0,7.0,7,3,Hotel Ebner Carinthia
Wandering,1247.0,3.0,Carinthia,1,0,0,0,7.0,8,3,Ferienhotel Eichenhof Carinthia
Wandering,1326.0,5.0,Carinthia,1,0,0,0,7.0,9,3,Ferienhotel Eichenhof Carinthia
Education,4638.0,2.0,Egypt,0,0,0,1,21.0,5,4,Anlage Arabia Beach Egypt
Active,2649.0,3.0,Egypt,0,0,0,1,7.0,8,4,Hotel Winter Palace Egypt
Bathing,2458.0,2.0,Egypt,0,0,0,1,14.0,7,4,Hotel Winter Palace Egypt
Active,3318.0,2.0,Egypt,0,0,0,1,14.0,11,3,Hotel Al Mashrabia Egypt
Bathing,3158.0,2.0,Egypt,0,0,0,1,14.0,10,3,Hotel Al Mashrabia Egypt
Bathing,3195.0,3.0,Egypt,0,0,0,1,7.0,8,3,Hotel Al Mashrabia Egypt
Active,2778.0,2.0,Egypt,0,0,0,1,14.0,7,2,Hotel Geisum Egypt
Bathing,3066.0,3.0,Egypt,0,0,0,1,21.0,6,2,Hotel White House Egypt
Bathing,2498.0,2.0,Egypt,0,0,0,1,14.0,5,2,Hotel White House Egypt
Wandering,1498.0,2.0,Carinthia,1,0,0,0,14.0,10,3,Aktivhotel Alte Muehle Carinthia
Active,889.0,8.0,Denmark,1,0,0,0,7.0,3,6,Feriencenter Danland Denmark
Recreation,1438.0,2.0,Carinthia,1,0,0,0,21.0,9,2,Pension Seehof Carinthia
Recreation,509.0,4.0,Denmark,1,0,0,0,7.0,4,6,Feriencenter Danland Denmark
Recreation,1472.0,3.0,Carinthia,1,0,0,0,14.0,8,2,Pension Seehof Carinthia
Active,629.0,6.0,Denmark,1,0,0,0,7.0,2,6,Feriencenter Vigso Denmark
Wandering,538.0,3.0,Carinthia,1,0,0,0,7.0,7,2,Pension Linde Carinthia
Recreation,629.0,4.0,Denmark,1,0,0,0,7.0,3,6,Feriencenter Vigso Denmark
Wandering,1008.0,2.0,Carinthia,1,0,0,0,14.0,6,2,Pension Linde Carinthia
Active,1278.0,4.0,Denmark,1,0,0,0,14.0,0,6,Feriencenter Rodhus Klit Denmark
Recreation,3278.0,2.0,Malta,0,0,0,1,14.0,6,4,Hotel Cornucopia Malta
Active,639.0,5.0,Denmark,1,0,0,0,7.0,4,6,Feriencenter Rodhus Klit Denmark
Active,4391.0,3.0,Malta,0,0,0,1,14.0,9,4,Hotel Cornucopia Malta
Recreation,639.0,4.0,Denmark,1,0,0,0,7.0,3,6,Feriencenter Rodhus Klit Denmark
Active,3267.0,4.0,Malta,0,0,0,1,7.0,8,4,Hotel Suncrest Malta
Active,439.0,4.0,Denmark,1,0,0,0,4.0,2,6,Ferienpark Lalandia Denmark
Bathing,3978.0,2.0,Malta,0,0,0,1,21.0,7,4,Hotel Suncrest Malta
Recreation,699.0,3.0,Denmark,1,0,0,0,7.0,1,6,Ferienpark Lalandia Denmark
Bathing,4147.0,3.0,Malta,0,0,0,1,14.0,9,4,Hotel Suncrest Malta
Recreation,699.0,2.0,Denmark,1,0,0,0,7.0,0,6,Ferienpark Lalandia Denmark
Recreation,3518.0,2.0,Malta,0,0,0,1,21.0,6,3,Hotel Atlantis Malta
Recreation,619.0,6.0,Belgium,1,0,0,0,4.0,4,6,SunParks Vielsalm Belgium
Active,3078.0,2.0,Malta,0,0,0,1,14.0,10,3,Hotel Atlantis Malta
Active,919.0,8.0,Belgium,1,0,0,0,7.0,0,6,SunParks Vielsalm Belgium
Bathing,4729.0,3.0,Malta,0,0,0,1,21.0,8,3,Hotel Calypso Malta
Recreation,649.0,4.0,Belgium,1,0,0,0,7.0,4,6,SunParks Vielsalm Belgium
Bathing,4476.0,4.0,Malta,0,0,0,1,14.0,9,3,Hotel Calypso Malta
Active,499.0,4.0,Belgium,1,0,0,0,3.0,1,6,SunParks Rauwse Meren Belgium
Bathing,3637.0,3.0,Malta,0,0,0,1,14.0,8,3,Hotel Calypso Malta
Active,959.0,5.0,Belgium,1,0,0,0,7.0,3,6,SunParks Rauwse Meren Belgium
Language,2039.0,1.0,Malta,0,0,0,1,21.0,10,3,Sprachkurs Malta
Recreation,1338.0,4.0,Belgium,1,0,0,0,14.0,2,6,SunParks Rauwse Meren Belgium
Bathing,1598.0,2.0,Malta,0,0,0,1,14.0,7,2,Hotel Viking Malta
Recreation,339.0,5.0,Belgium,1,0,0,0,4.0,3,6,SunParks Groendyk Belgium
Language,1539.0,1.0,Malta,0,0,0,1,14.0,9,2,Sprachkurs Malta
Active,649.0,6.0,Belgium,1,0,0,0,7.0,0,6,SunParks Groendyk Belgium
Language,4078.0,2.0,Malta,0,0,0,1,21.0,8,2,Sprachkurs Malta
Recreation,849.0,3.0,Belgium,1,0,0,0,7.0,3,6,SunParks Groendyk Belgium
Language,2039.0,1.0,Malta,0,0,0,1,21.0,10,2,Sprachkurs Malta
Active,369.0,4.0,Belgium,1,0,0,0,4.0,1,6,SunParks De HaanBelgium
Recreation,1574.0,4.0,France,1,0,0,0,7.0,3,6,HFlat Les Olympiades France
Skiing,589.0,4.0,France,1,0,0,0,7.0,2,6,HFlat Les Olympiades France
Active,589.0,4.0,France,1,0,0,0,7.0,1,6,HFlat Les Olympiades France
Recreation,1728.0,6.0,France,1,0,0,0,14.0,2,6,HFlat Cheval Blanc France
Skiing,1094.0,5.0,France,1,0,0,0,7.0,3,6,HFlat Cheval Blanc France
Active,559.0,4.0,Tyrol,1,0,0,0,7.0,6,6,HFlat Tirol Italy
Recreation,719.0,6.0,Belgium,1,0,0,0,7.0,2,6,SunParks De HaanBelgium
Recreation,1398.0,4.0,Tyrol,1,0,0,0,14.0,10,6,HFlat Tirol Italy
Active,879.0,8.0,Belgium,1,0,0,0,7.0,1,6,SunParks De HaanBelgium
Recreation,769.0,6.0,Tyrol,1,0,0,0,7.0,9,6,HFlat Tirol Italy
Recreation,649.0,4.0,Belgium,1,0,0,0,7.0,0,6,SunParks De HaanBelgium
Wandering,319.0,3.0,Tyrol,1,0,0,0,7.0,8,6,HFlat Tirol Italy
Active,394.0,6.0,Belgium,1,0,0,0,4.0,2,6,Ferienpark Atlantis Belgium
Wandering,439.0,4.0,Tyrol,1,0,0,0,7.0,7,6,HFlat Tirol Italy
Recreation,314.0,2.0,Belgium,1,0,0,0,3.0,0,6,Ferienpark Atlantis Belgium
Recreation,2888.0,2.0,Tyrol,1,0,0,0,14.0,7,4,Hotel Nido South Tyrol
Active,1068.0,4.0,Belgium,1,0,0,0,14.0,4,6,Ferienpark Atlantis Belgium
Recreation,1997.0,4.0,Tyrol,1,0,0,0,7.0,10,4,Hotel Nido South Tyrol
Active,434.0,2.0,Belgium,1,0,0,0,7.0,0,6,Ferienpark Atlantis Belgium
Wandering,2658.0,2.0,Tyrol,1,0,0,0,14.0,8,4,Posthotel Weisses Roessel South Tyrol
Recreation,739.0,4.0,Belgium,1,0,0,0,14.0,3,6,Ferienpark Atlantis Belgium
Wandering,1479.0,3.0,Tyrol,1,0,0,0,7.0,7,4,Posthotel Weisses Roessel South Tyrol
Recreation,434.0,3.0,Belgium,1,0,0,0,7.0,1,6,Ferienpark Atlantis Belgium
Active,798.0,2.0,Tyrol,1,0,0,0,7.0,8,3,Gasthof Adler South Tyrol
Recreation,434.0,2.0,Belgium,1,0,0,0,7.0,0,6,Ferienpark Atlantis Belgium
Active,1339.0,4.0,France,1,0,0,0,7.0,4,6,HFlat Cheval Blanc France
Recreation,1014.0,4.0,France,1,0,0,0,7.0,3,6,HFlat Bellecote France
Skiing,3368.0,5.0,France,1,0,0,0,14.0,2,6,HFlat Bellecote France
Active,764.0,4.0,France,1,0,0,0,7.0,1,6,HFlat Bellecote France
Recreation,824.0,6.0,France,1,0,0,0,7.0,2,6,HFlat Le Cervin France
Skiing,1654.0,5.0,France,1,0,0,0,7.0,3,6,HFlat Le Cervin France
Active,844.0,4.0,France,1,0,0,0,7.0,4,6,HFlat Le Cervin France
Recreation,1624.0,5.0,France,1,0,0,0,7.0,3,6,HFlat Maeva France
Skiing,624.0,4.0,France,1,0,0,0,7.0,2,6,HFlat Maeva France
Active,624.0,4.0,France,1,0,0,0,7.0,1,6,HFlat Maeva France
Recreation,1528.0,2.0,Tyrol,1,0,0,0,14.0,9,3,Gasthof Adler South Tyrol
Active,1498.0,7.0,Balaton,1,0,0,0,14.0,10,6,HFlat Balaton
Wandering,718.0,2.0,Tyrol,1,0,0,0,7.0,10,3,Hotel Untersteinerhof South Tyrol
Recreation,279.0,2.0,Balaton,1,0,0,0,7.0,7,6,HFlat Balaton
Wandering,1499.0,3.0,Tyrol,1,0,0,0,14.0,8,3,Hotel Untersteinerhof South Tyrol
Recreation,658.0,3.0,Balaton,1,0,0,0,14.0,6,6,HFlat Balaton
Recreation,822.0,3.0,Tyrol,1,0,0,0,7.0,6,2,Pension garni Toni South Tyrol
Bathing,798.0,2.0,Balaton,1,0,0,0,14.0,9,6,HFlat Balaton
Wandering,1258.0,2.0,Tyrol,1,0,0,0,14.0,7,2,Pension garni Toni South Tyrol
Bathing,759.0,5.0,Balaton,1,0,0,0,7.0,8,6,HFlat Balaton
Active,1588.0,2.0,Riviera,1,0,0,0,14.0,8,6,HFlat Riviera Italy
Bathing,879.0,9.0,Balaton,1,0,0,0,7.0,7,6,HFlat Balaton
Active,529.0,4.0,Riviera,1,0,0,0,7.0,7,6,HFlat Riviera Italy
Recreation,2758.0,2.0,Balaton,1,0,0,0,14.0,7,4,Hotel Helikon Balaton
Recreation,1088.0,6.0,Riviera,1,0,0,0,14.0,6,6,HFlat Riviera Italy
Bathing,2758.0,3.0,Balaton,1,0,0,0,14.0,8,4,Hotel Helikon Balaton
Recreation,429.0,6.0,Riviera,1,0,0,0,7.0,7,6,HFlat Riviera Italy
Bathing,2447.0,3.0,Balaton,1,0,0,0,21.0,9,3,Hotel Marina Balaton
Bathing,1738.0,3.0,Riviera,1,0,0,0,14.0,8,6,HFlat Riviera Italy
Bathing,3537.0,4.0,Balaton,1,0,0,0,14.0,8,3,Hotel Marina Balaton
Skiing,483.0,4.0,Thuringia,1,0,0,0,7.0,3,6,HFlat Ruppertus Thuringia
Active,483.0,3.0,Thuringia,1,0,0,0,7.0,2,6,HFlat Ruppertus Thuringia
Recreation,774.0,4.0,Thuringia,1,0,0,0,9.0,1,6,HFlat Ruppertus Thuringia
Wandering,483.0,4.0,Thuringia,1,0,0,0,7.0,2,6,HFlat Ruppertus Thuringia
Wandering,855.0,4.0,Thuringia,1,0,0,0,14.0,4,6,HFlat Ruppertus Thuringia
Skiing,389.0,4.0,Thuringia,1,0,0,0,7.0,3,6,HFlat Schmeheim Thuringia
Active,924.0,4.0,Thuringia,1,0,0,0,9.0,1,6,HFlat Schmeheim Thuringia
Recreation,389.0,3.0,Thuringia,1,0,0,0,7.0,2,6,HFlat Schmeheim Thuringia
Wandering,389.0,4.0,Thuringia,1,0,0,0,7.0,4,6,HFlat Schmeheim Thuringia
Wandering,389.0,3.0,Thuringia,1,0,0,0,7.0,3,6,HFlat Schmeheim Thuringia
Active,2879.0,3.0,Tunisia,0,0,0,1,14.0,10,4,Hotel Jockey Club Tunisia
Active,2898.0,2.0,Tunisia,0,0,0,1,14.0,9,4,Hotel Jockey Club Tunisia
Bathing,2228.0,2.0,Tunisia,0,0,0,1,7.0,7,4,Hotel Royal Golf Tunisia
Recreation,1888.0,2.0,Tunisia,0,0,0,1,14.0,6,4,Hotel Royal Golf Tunisia
Bathing,4773.0,4.0,Tunisia,0,0,0,1,14.0,8,4,Hotel Paradise Tunisia
Bathing,2808.0,2.0,Tunisia,0,0,0,1,14.0,7,4,Hotel Paradise Tunisia
Active,2964.0,3.0,Tunisia,0,0,0,1,14.0,10,3,Hotel Aqua Viva Tunisia
Recreation,2258.0,2.0,Tunisia,0,0,0,1,14.0,6,3,Hotel Aqua Viva Tunisia
Recreation,2768.0,2.0,Tunisia,0,0,0,1,21.0,7,3,Hotel-Club Nador Tunisia
Bathing,3203.0,3.0,Tunisia,0,0,0,1,14.0,9,3,Hotel-Club Nador Tunisia
Bathing,3464.0,4.0,Tunisia,0,0,0,1,7.0,8,3,Hotel Montazah Tunisia
Bathing,4114.0,3.0,Tunisia,0,0,0,1,14.0,7,3,Hotel Montazah Tunisia
Active,2637.0,3.0,Tunisia,0,0,0,1,14.0,10,2,Hotel-Club Ramses Tunisia
Recreation,2058.0,2.0,Tunisia,0,0,0,1,14.0,6,2,Hotel-Club Ramses Tunisia
Bathing,1778.0,2.0,Tunisia,0,0,0,1,14.0,7,2,Hotel Solymar Tunisia
Bathing,2778.0,3.0,Tunisia,0,0,0,1,14.0,8,2,Hotel Solymar Tunisia
Education,2498.0,2.0,TurkishRiviera,0,0,0,1,14.0,11,4,Hotel Sueral Turk Riviera
Active,2898.0,2.0,TurkishRiviera,0,0,0,1,14.0,6,4,Hotel Sueral Turk Riviera
Bathing,3258.0,3.0,TurkishRiviera,0,0,0,1,14.0,10,4,Hotel Botanik Turk Riviera
Bathing,3325.0,3.0,TurkishRiviera,0,0,0,1,7.0,8,4,Hotel Botanik Turk Riviera
Bathing,3258.0,2.0,TurkishRiviera,0,0,0,1,14.0,7,4,Hotel Botanik Turk Riviera
Education,2698.0,2.0,TurkishRiviera,0,0,0,1,14.0,6,3,Hotel Sueral Garden Turk Riviera
Active,3058.0,2.0,TurkishRiviera,0,0,0,1,14.0,10,3,Hotel Sueral Garden Turk Riviera
Bathing,3891.0,3.0,TurkishRiviera,0,0,0,1,21.0,7,3,Hotel Akropol Turk Riviera
Bathing,2258.0,2.0,TurkishRiviera,0,0,0,1,7.0,9,3,Hotel Akropol Turk Riviera
Bathing,2738.0,2.0,TurkishRiviera,0,0,0,1,14.0,7,3,Hotel Panorama Turk Riviera
Bathing,2838.0,2.0,TurkishRiviera,0,0,0,1,14.0,8,3,Hotel Panorama Turk Riviera
Bathing,4107.0,4.0,TurkishRiviera,0,0,0,1,14.0,9,3,Hotel Panorama Turk Riviera
Active,3160.0,3.0,TurkishRiviera,0,0,0,1,21.0,10,2,Hotel Alaiye Turk Riviera
Bathing,2941.0,3.0,TurkishRiviera,0,0,0,1,14.0,8,2,Hotel Alaiye Turk Riviera
Recreation,1968.0,2.0,Rhodes,0,0,0,1,7.0,6,3,Hotel Kalithea Sun Rhodes
Bathing,2791.0,3.0,Rhodes,0,0,0,1,14.0,8,3,Hotel Dafni Rhodes
Bathing,3553.0,4.0,Rhodes,0,0,0,1,14.0,9,3,Hotel Dafni Rhodes
Bathing,2263.0,3.0,Rhodes,0,0,0,1,7.0,8,3,Hotel Dafni Rhodes
Bathing,2428.0,2.0,Rhodes,0,0,0,1,21.0,7,2,Studios Argiro Rhodes
Bathing,2263.0,3.0,Rhodes,0,0,0,1,14.0,6,2,Studios Argiro Rhodes
Education,3038.0,2.0,Crete,0,0,0,1,14.0,6,4,Hotel Europa Beach Crete
Active,4463.0,3.0,Crete,0,0,0,1,21.0,7,4,Hotel Europa Beach Crete
Active,4068.0,3.0,Crete,0,0,0,1,14.0,9,4,Hotel Bali Paradise Crete
Bathing,6609.0,3.0,Crete,0,0,0,1,21.0,8,4,Hotel Bali Paradise Crete
Bathing,2298.0,2.0,TurkishRiviera,0,0,0,1,14.0,7,2,Hotel Alaiye Turk Riviera
Active,2918.0,2.0,TurkishAegeanSea,0,0,0,1,14.0,7,4,Club Ephesus Princess Turk Aegean Sea
Bathing,3010.0,3.0,TurkishAegeanSea,0,0,0,1,7.0,8,4,Hotel Biltur Turk Aegean Sea
Bathing,4313.0,4.0,TurkishAegeanSea,0,0,0,1,14.0,9,4,Hotel Biltur Turk Aegean Sea
Education,3278.0,2.0,TurkishAegeanSea,0,0,0,1,21.0,6,3,Hotel Batihan Turk Aegean Sea
Bathing,2878.0,2.0,TurkishAegeanSea,0,0,0,1,14.0,10,3,Hotel Batihan Turk Aegean Sea
Bathing,2412.0,3.0,TurkishAegeanSea,0,0,0,1,7.0,9,3,Club Pigale Turk Aegean Sea
Bathing,3171.0,3.0,TurkishAegeanSea,0,0,0,1,14.0,8,3,Club Pigale Turk Aegean Sea
Bathing,1958.0,2.0,TurkishAegeanSea,0,0,0,1,14.0,7,2,Hotel Talat Turk Aegean Sea
Education,2878.0,2.0,TurkishAegeanSea,0,0,0,1,14.0,6,4,Hotel Marti Turk Aegean Sea
Bathing,2298.0,2.0,Crete,0,0,0,1,7.0,6,4,Hotel Fodele Beach Crete
Bathing,3198.0,2.0,Crete,0,0,0,1,14.0,7,4,Hotel Fodele Beach Crete
Active,2758.0,2.0,Crete,0,0,0,1,14.0,7,3,Hotel Gortyna Crete
Active,3038.0,2.0,Crete,0,0,0,1,14.0,10,3,Hotel Gortyna Crete
Bathing,3175.0,4.0,Crete,0,0,0,1,7.0,8,3,Hotel Gortyna Crete
Bathing,3847.0,3.0,Crete,0,0,0,1,14.0,9,3,Hotel Creta Beach Crete
Bathing,4198.0,2.0,Crete,0,0,0,1,21.0,7,3,Hotel Creta Beach Crete
Bathing,3498.0,2.0,Crete,0,0,0,1,14.0,10,3,Hotel Creta Beach Crete
Active,2825.0,4.0,Crete,0,0,0,1,7.0,9,2,Hotel Oceanis Crete
Bathing,2417.0,3.0,Crete,0,0,0,1,14.0,8,2,Hotel Ilios Crete
Bathing,2758.0,2.0,TurkishAegeanSea,0,0,0,1,14.0,9,3,Hotel Turunc Turk Aegean Sea
Active,3065.0,3.0,TurkishAegeanSea,0,0,0,1,7.0,8,3,Hotel Turunc Turk Aegean Sea
Active,2578.0,2.0,TurkishAegeanSea,0,0,0,1,14.0,10,3,Hotel Alinda Turk Aegean Sea
Bathing,4770.0,4.0,TurkishAegeanSea,0,0,0,1,21.0,9,3,Hotel Alinda Turk Aegean Sea
Bathing,2483.0,3.0,TurkishAegeanSea,0,0,0,1,14.0,8,2,Hotel Villa Soel Turk Aegean Sea
Bathing,2178.0,2.0,TurkishAegeanSea,0,0,0,1,14.0,7,2,Hotel Villa Soel Turk Aegean Sea
Wandering,698.0,2.0,GiantMountains,0,1,0,0,7.0,10,3,Hotel Horal Giant Mountains
Recreation,1185.0,3.0,GiantMountains,0,1,0,0,7.0,9,3,Hotel Horal Giant Mountains
Recreation,2274.0,4.0,GiantMountains,0,0,1,0,14.0,7,2,Hotel Bedrichov Giant Mountains
Wandering,807.0,3.0,GiantMountains,0,0,1,0,7.0,6,2,Hotel Bedrichov Giant Mountains
Bathing,2498.0,2.0,Crete,0,0,0,1,14.0,7,2,Hotel Oceanis Crete
Recreation,2043.0,3.0,Corfu,0,0,0,1,7.0,6,4,Hotel Kerkyra Golf Corfu
Recreation,3038.0,2.0,Corfu,0,0,0,1,14.0,10,4,Hotel Kerkyra Golf Corfu
Recreation,3418.0,2.0,Corfu,0,0,0,1,21.0,7,4,Hotel Regency Corfu
Active,2158.0,2.0,Corfu,0,0,0,1,7.0,8,4,Hotel Regency Corfu
Active,3198.0,3.0,Corfu,0,0,0,1,14.0,9,3,Hotel Mirabell Corfu
Active,3758.0,2.0,Corfu,0,0,0,1,21.0,7,3,Hotel Mirabell Corfu
Bathing,3198.0,2.0,Corfu,0,0,0,1,14.0,10,3,Hotel Mirabell Corfu
Bathing,3078.0,2.0,Corfu,0,0,0,1,14.0,8,3,Hotel Coral Corfu
Bathing,3649.0,3.0,Corfu,0,0,0,1,21.0,10,3,Hotel Coral Corfu
Wandering,1806.0,3.0,GiantMountains,1,0,0,0,14.0,10,3,Hotel Horal Giant Mountains
Wandering,698.0,2.0,GiantMountains,1,0,0,0,7.0,7,3,Hotel Horal Giant Mountains
Recreation,1498.0,2.0,GiantMountains,1,0,0,0,14.0,6,3,Hotel Arnika Giant Mountains
Recreation,938.0,2.0,GiantMountains,1,0,0,0,7.0,7,3,Hotel Arnika Giant Mountains
Recreation,678.0,3.0,GiantMountains,1,0,0,0,7.0,8,2,Waldhotel Trakce Giant Mountains
Recreation,798.0,2.0,GiantMountains,1,0,0,0,7.0,9,2,Hotel Karolina Giant Mountains
Wandering,1138.0,2.0,GiantMountains,1,0,0,0,14.0,10,2,Hotel Karolina Giant Mountains
Wandering,1698.0,3.0,GiantMountains,1,0,0,0,14.0,9,2,Hotel Energetik Giant Mountains
Wandering,1118.0,4.0,GiantMountains,1,0,0,0,7.0,8,2,Hotel Energetik Giant Mountains
Wandering,858.0,2.0,GiantMountains,1,0,0,0,7.0,7,2,Hotel Bedrichov Giant Mountains
Bathing,2698.0,2.0,Corfu,0,0,0,1,14.0,7,3,Hotel Coral Corfu
Bathing,2779.0,3.0,Corfu,0,0,0,1,7.0,9,3,Hotel Belvedere Corfu
Bathing,3793.0,3.0,Corfu,0,0,0,1,14.0,9,3,Hotel Belvedere Corfu
Bathing,3258.0,2.0,Corfu,0,0,0,1,21.0,10,3,Hotel Belvedere Corfu
Bathing,3644.0,4.0,Corfu,0,0,0,1,14.0,8,2,Hotel Iliada Corfu
Bathing,2831.0,3.0,Corfu,0,0,0,1,14.0,7,2,Hotel Iliada Corfu
Education,2738.0,2.0,Chalkidiki,0,0,0,1,21.0,11,4,Hotel Athos Palace Chalkidiki
Recreation,3038.0,2.0,Chalkidiki,0,0,0,1,14.0,10,4,Hotel Athos Palace Chalkidiki
Recreation,3258.0,2.0,Chalkidiki,0,0,0,1,21.0,6,4,Hotel Athos Palace Chalkidiki
Recreation,5329.0,4.0,Chalkidiki,0,0,0,1,14.0,8,4,Hotel Athos Palace Chalkidiki
Active,3318.0,2.0,Chalkidiki,0,0,0,1,14.0,7,4,Hotel Sani Beach Chalkidik
Active,3299.0,3.0,Chalkidiki,0,0,0,1,7.0,9,4,Hotel Sani Beach Chalkidik
Active,3718.0,3.0,Chalkidiki,0,0,0,1,14.0,8,4,Hotel Sani Beach Chalkidiki
Recreation,2398.0,2.0,Chalkidiki,0,0,0,1,14.0,7,3,Hotel Mendi Chalkidiki
Recreation,2898.0,2.0,Chalkidiki,0,0,0,1,21.0,10,3,Hotel Mendi Chalkidiki
Recreation,2358.0,2.0,Chalkidiki,0,0,0,1,14.0,6,3,Hotel Olympico Chalkidiki
Bathing,2427.0,3.0,Chalkidiki,0,0,0,1,7.0,8,3,Hotel Olympico Chalkidiki
Bathing,2538.0,2.0,Chalkidiki,0,0,0,1,14.0,7,3,Hotel Olympico Chalkidiki
Bathing,2898.0,2.0,Chalkidiki,0,0,0,1,21.0,10,3,Hotel Mendi Chalkidiki
Bathing,4673.0,4.0,Chalkidiki,0,0,0,1,14.0,9,3,Hotel Portes Beach Chalkidiki
Bathing,2787.0,3.0,Chalkidiki,0,0,0,1,14.0,8,2,Hotel Sermyli Chalkidiki
Recreation,3378.0,2.0,Attica,0,0,0,1,21.0,6,4,Hotel Golden Coast Attica
Recreation,3215.0,3.0,Attica,0,0,0,1,14.0,9,3,Hotel Miramare Attica
Recreation,1169.0,1.0,Attica,0,0,0,1,14.0,10,3,Hotel Miramare Attica
Recreation,2258.0,2.0,Attica,0,0,0,1,7.0,7,4,Hotel Golden Coast Attica
Bathing,2742.0,3.0,Attica,0,0,0,1,14.0,8,2,Hotel Calamos Beach Attica
Bathing,3458.0,2.0,Attica,0,0,0,1,21.0,9,3,Hotel Menexelis Attica
Bathing,3658.0,2.0,Attica,0,0,0,1,14.0,8,4,Hotel Golden Coast Attica
Bathing,1149.0,1.0,Attica,0,0,0,1,14.0,7,2,Hotel Calamos Beach Attica
Bathing,3216.0,4.0,Attica,0,0,0,1,7.0,9,3,Hotel Menexelis Attica
Bathing,4002.0,3.0,Attica,0,0,0,1,21.0,10,4,Hotel Holidays in Evia Attica
Bathing,649.0,3.0,CostaBlanca,1,0,0,0,7.0,8,6,HFlat Costa Blanca
Bathing,3215.0,3.0,Attica,0,0,0,1,14.0,8,3,Hotel Miramare Attica
Bathing,789.0,5.0,CostaBlanca,1,0,0,0,7.0,10,6,HFlat Costa Blanca
Bathing,2518.0,2.0,Attica,0,0,0,1,14.0,7,3,Hotel Menexelis Attica
Bathing,1229.0,2.0,CostaBlanca,1,0,0,0,7.0,9,6,HFlat Costa Blanca
Bathing,3129.0,4.0,Attica,0,0,0,1,7.0,10,3,Hotel Kalypso Club Attica
Bathing,2324.0,12.0,CostaBlanca,1,0,0,0,7.0,8,6,HFlat Costa Blanca
Bathing,2038.0,2.0,Attica,0,0,0,1,14.0,5,2,Hotel Calamos Beach Attica
Bathing,1039.0,8.0,CostaBlanca,1,0,0,0,7.0,7,6,HFlat Costa Blanca
Bathing,3485.0,3.0,Attica,0,0,0,1,14.0,6,4,Hotel Golden Coast Attica
Active,678.0,4.0,CostaBlanca,1,0,0,0,14.0,10,6,HFlat Costa Blanca
Recreation,1797.0,4.0,Brittany,1,0,0,0,21.0,7,6,HFlat Brittany
Active,1039.0,6.0,CostaBlanca,1,0,0,0,7.0,8,6,HFlat Costa Blanca
Recreation,1258.0,4.0,Brittany,1,0,0,0,14.0,9,6,HFlat Brittany
Recreation,539.0,4.0,CostaBlanca,1,0,0,0,14.0,7,6,HFlat Costa Blanca
Recreation,2108.0,5.0,Brittany,1,0,0,0,14.0,8,6,HFlat Brittany
Recreation,1014.0,10.0,CostaBlanca,1,0,0,0,7.0,6,6,HFlat Costa Blanca
Active,1268.0,4.0,Brittany,1,0,0,0,14.0,7,6,HFlat Brittany
Bathing,3222.0,3.0,CostaBlanca,1,0,0,0,14.0,8,4,Hotel Roca Esmeralda Costa Blanca
Active,889.0,4.0,Brittany,1,0,0,0,7.0,8,6,HFlat Brittany
Bathing,1058.0,2.0,CostaBlanca,1,0,0,0,7.0,9,4,Hotel Roca Esmeralda Costa Blanca
Active,1219.0,6.0,Brittany,1,0,0,0,7.0,9,6,HFlat Brittany
Bathing,2800.0,3.0,CostaBlanca,1,0,0,0,14.0,8,3,Hotel Galetamar Costa Blanca
Bathing,519.0,4.0,Brittany,1,0,0,0,7.0,10,6,HFlat Brittany
Bathing,1317.0,4.0,CostaBlanca,1,0,0,0,7.0,9,2,Hotel Torre Dorada Costa Blanca
Bathing,1064.0,5.0,Brittany,1,0,0,0,7.0,9,6,HFlat Brittany
Recreation,1958.0,6.0,Alps,1,0,0,0,14.0,9,6,HFlat Switzerland
Bathing,1549.0,7.0,Brittany,1,0,0,0,7.0,8,6,HFlat Brittany
Recreation,1298.0,4.0,Alps,1,0,0,0,14.0,8,6,HFlat Switzerland
Bathing,689.0,4.0,Brittany,1,0,0,0,7.0,7,6,HFlat Brittany
Recreation,858.0,3.0,Alps,1,0,0,0,14.0,7,6,HFlat Switzerland
Recreation,1618.0,4.0,Normandy,1,0,0,0,14.0,8,6,HFlat Normandy
Recreation,629.0,2.0,Alps,1,0,0,0,7.0,10,6,HFlat Switzerland
Active,1418.0,2.0,Normandy,1,0,0,0,14.0,9,6,HFlat Normandy
Recreation,1184.0,4.0,Alps,1,0,0,0,7.0,9,6,HFlat Switzerland
Active,809.0,4.0,Normandy,1,0,0,0,7.0,9,6,HFlat Normandy
Recreation,519.0,4.0,Alps,1,0,0,0,7.0,8,6,HFlat Switzerland
Bathing,709.0,2.0,Normandy,1,0,0,0,7.0,8,6,HFlat Normandy
Recreation,779.0,6.0,Alps,1,0,0,0,7.0,7,6,HFlat Switzerland
Bathing,659.0,4.0,Normandy,1,0,0,0,7.0,7,6,HFlat Normandy
Recreation,729.0,3.0,Alps,1,0,0,0,7.0,6,6,HFlat Switzerland
Wandering,2578.0,2.0,Corsica,0,0,0,1,14.0,6,3,Grand Hotel
Wandering,908.0,2.0,Alps,1,0,0,0,14.0,8,6,HFlat Switzerland
Wandering,634.0,1.0,Corsica,0,0,0,1,7.0,5,2,Mobilhomes La Pinede
Wandering,738.0,6.0,Alps,1,0,0,0,14.0,6,6,HFlat Switzerland
Active,2038.0,2.0,Corsica,0,0,0,1,14.0,7,2,Mobilhomes La Pinede
Wandering,1303.0,4.0,Alps,1,0,0,0,14.0,7,6,HFlat Switzerland
Active,5678.0,3.0,Corsica,0,0,0,1,21.0,9,3,Grand Hotel
Active,2718.0,2.0,Corsica,0,0,0,1,14.0,10,3,Grand Hotel
Wandering,858.0,3.0,Alps,1,0,0,0,14.0,10,6,HFlat Switzerland
Bathing,3298.0,2.0,Corsica,0,0,0,1,14.0,7,3,Hotel Orizonte
Wandering,529.0,4.0,Alps,1,0,0,0,7.0,9,6,HFlat Switzerland
Bathing,5659.0,3.0,Corsica,0,0,0,1,21.0,8,3,Hotel Pineto
Wandering,779.0,6.0,Alps,1,0,0,0,7.0,8,6,HFlat Switzerland
Bathing,2539.0,2.0,Corsica,0,0,0,1,14.0,10,3,Studios Le Rocher
Wandering,799.0,3.0,Alps,1,0,0,0,7.0,7,6,HFlat Switzerland
Bathing,3459.0,3.0,Corsica,0,0,0,1,14.0,9,3,Calvi-Hotel
Wandering,839.0,2.0,Alps,1,0,0,0,7.0,10,6,HFlat Switzerland
Wandering,799.0,4.0,Alps,1,0,0,0,7.0,9,6,HFlat Switzerland
Bathing,3522.0,4.0,Corsica,0,0,0,1,7.0,8,2,Feriendorf Vallicella
Bathing,1898.0,2.0,Corsica,0,0,0,1,7.0,9,2,Hotel Funtana Marina
Wandering,989.0,6.0,Alps,1,0,0,0,7.0,8,6,HFlat Switzerland
Bathing,2249.0,3.0,Corsica,0,0,0,1,21.0,7,2,Mobilhomes La Pinede
Wandering,494.0,2.0,Alps,1,0,0,0,7.0,7,6,HFlat Switzerland
Bathing,5269.0,4.0,Corsica,0,0,0,1,14.0,8,2,Feriendorf Vallicella
Wandering,764.0,3.0,Alps,1,0,0,0,7.0,6,6,HFlat Switzerland
Bathing,2469.0,3.0,Corsica,0,0,0,1,14.0,7,1,Hotel L'Esquinade
Wandering,938.0,4.0,Sweden,1,0,0,0,14.0,10,6,HFlat Sweden
Bathing,1539.0,2.0,Corsica,0,0,0,1,14.0,6,1,Caravan La Pinede
Wandering,789.0,4.0,Sweden,1,0,0,0,7.0,9,6,HFlat Sweden
Recreation,1838.0,3.0,CotedAzur,1,0,0,0,14.0,8,6,HFlat Cote d'Azur
Wandering,799.0,6.0,Sweden,1,0,0,0,7.0,8,6,HFlat Sweden
Recreation,449.0,2.0,CotedAzur,0,1,0,0,7.0,7,6,HFlat Cote d'Azur
Wandering,639.0,6.0,Sweden,1,0,0,0,7.0,7,6,HFlat Sweden
Active,589.0,6.0,CotedAzur,1,0,0,0,7.0,6,6,HFlat Cote d'Azur
Recreation,1178.0,6.0,Sweden,1,0,0,0,14.0,10,6,HFlat Sweden
Active,1598.0,4.0,CotedAzur,1,0,0,0,14.0,10,6,HFlat Cote d'Azur
Recreation,1318.0,4.0,Sweden,1,0,0,0,14.0,9,6,HFlat Sweden
Recreation,1538.0,4.0,Sweden,1,0,0,0,14.0,8,6,HFlat Sweden
Recreation,1578.0,4.0,Sweden,1,0,0,0,14.0,7,6,HFlat Sweden
Recreation,779.0,4.0,Sweden,1,0,0,0,7.0,8,6,HFlat Sweden
Recreation,649.0,6.0,Sweden,1,0,0,0,7.0,9,6,HFlat Sweden
Recreation,989.0,6.0,Sweden,1,0,0,0,7.0,11,6,HFlat Sweden
Recreation,539.0,4.0,Sweden,1,0,0,0,7.0,10,6,HFlat Sweden
Recreation,519.0,5.0,Sweden,1,0,0,0,7.0,9,6,HFlat Sweden
Recreation,799.0,6.0,Sweden,1,0,0,0,7.0,8,6,HFlat Sweden
Recreation,469.0,4.0,Sweden,1,0,0,0,7.0,7,6,HFlat Sweden
Active,3897.0,3.0,Madeira,0,0,0,1,7.0,8,4,Hotel Oasis Atlantic Madeira
Active,3989.0,2.0,Madeira,0,0,0,1,14.0,7,4,Hotel Oasis Atlantic Madeira
Bathing,5225.0,4.0,Madeira,0,0,0,1,14.0,9,4,Hotel Raga Madeira
Bathing,2922.0,3.0,Madeira,0,0,0,1,7.0,8,4,Hotel Raga Madeira
Recreation,3318.0,2.0,Madeira,0,0,0,1,14.0,11,3,Hotel Orca Praia Madeira
Recreation,4318.0,2.0,Madeira,0,0,0,1,21.0,6,3,Hotel Orca Praia Madeira
Active,4438.0,2.0,Madeira,0,0,0,1,21.0,10,3,Hotel Orca Praia Madeira
Active,3598.0,2.0,Madeira,0,0,0,1,14.0,9,3,Hotel Orca Praia Madeira
Bathing,4452.0,3.0,Madeira,0,0,0,1,21.0,10,3,Hotel Mimosa Madeira
Bathing,4091.0,4.0,Madeira,0,0,0,1,7.0,8,3,Hotel Mimosa Madeira
Bathing,3238.0,2.0,Madeira,0,0,0,1,14.0,7,3,Hotel Mimosa Madeira
Active,3518.0,2.0,Madeira,0,0,0,1,14.0,10,2,Anlage Canico Madeira
Bathing,4126.0,3.0,Madeira,0,0,0,1,21.0,9,2,Anlage Canico Madeira
Skiing,1147.0,3.0,Bavaria,1,0,0,0,7.0,2,4,HFlat Eichenbuehl Allgaeu
Bathing,3440.0,3.0,Madeira,0,0,0,1,14.0,8,2,Anlage Canico Madeira
Active,1348.0,2.0,Bavaria,1,0,0,0,7.0,1,4,HFlat Eichenbuehl Allgaeu
Bathing,3518.0,2.0,Madeira,0,0,0,1,14.0,7,2,Anlage Canico Madeira
Skiing,998.0,3.0,Bavaria,1,0,0,0,7.0,3,3,Sporthotel Rosenberger Bavaria
Active,4533.0,4.0,Algarve,0,0,0,1,14.0,9,4,Hotel Neptuno Algarve
Skiing,798.0,2.0,Bavaria,1,0,0,0,7.0,2,3,Sporthotel Rosenberger Bavaria
Bathing,3642.0,3.0,Algarve,0,0,0,1,14.0,8,4,Hotel Neptuno Algarve
Active,998.0,3.0,Bavaria,1,0,0,0,7.0,1,3,Sporthotel Rosenberger Bavaria
Recreation,2158.0,2.0,Algarve,0,0,0,1,7.0,11,3,Eurotel Altura Algarve
Recreation,799.0,3.0,Allgaeu,1,0,0,0,10.0,1,6,HFlat Sonnenhalde Allgaeu
Recreation,3078.0,2.0,Algarve,0,0,0,1,14.0,5,3,Eurotel Altura Algarve
Recreation,439.0,2.0,Allgaeu,1,0,0,0,7.0,2,6,HFlat Sonnenhalde Allgaeu
Active,2678.0,2.0,Algarve,0,0,0,1,7.0,8,3,Eurotel Altura Algarve
Active,984.0,6.0,Allgaeu,1,0,0,0,7.0,3,6,HFlat Reichenbach Allgaeu
Active,3958.0,2.0,Algarve,0,0,0,1,21.0,6,3,Hotel California Algarve
Skiing,854.0,4.0,Allgaeu,1,0,0,0,7.0,4,6,HFlat Reichenbach Allgaeu
Active,4885.0,3.0,Algarve,0,0,0,1,14.0,7,3,Hotel California Algarve
Recreation,1568.0,4.0,Allgaeu,1,0,0,0,14.0,3,6,HFlat Alpina Allgaeu
Bathing,3758.0,2.0,Algarve,0,0,0,1,14.0,10,3,Hotel California Algarve
Skiing,424.0,4.0,Allgaeu,1,0,0,0,7.0,2,6,HFlat Alpina Allgaeu
Bathing,4253.0,4.0,Algarve,0,0,0,1,7.0,8,3,Hotel California Algarve
Skiing,459.0,3.0,Allgaeu,1,0,0,0,8.0,1,6,HFlat Alpina Allgaeu
Bathing,2998.0,2.0,Algarve,0,0,0,1,14.0,7,3,Hotel Tropico Algarve
Active,624.0,3.0,Allgaeu,1,0,0,0,7.0,2,6,HFlat Oberallgaeu
Bathing,3398.0,2.0,Algarve,0,0,0,1,14.0,9,3,Hotel Tropico Algarve
Recreation,879.0,4.0,Allgaeu,1,0,0,0,7.0,3,6,HFlat Oberallgaeu
Bathing,3271.0,3.0,Algarve,0,0,0,1,21.0,10,3,Hotel Tropico Algarve
Skiing,1188.0,2.0,Allgaeu,1,0,0,0,14.0,4,6,HFlat Oberallgaeu
Active,2371.0,3.0,Algarve,0,0,0,1,7.0,8,2,Anlage Aldeia Algarve
Skiing,745.0,6.0,Allgaeu,1,0,0,0,7.0,3,6,HFlat Nadenberg Allgaeu
Bathing,2562.0,3.0,Algarve,0,0,0,1,14.0,7,2,Anlage Aldeia Algarve
Active,645.0,8.0,Allgaeu,1,0,0,0,7.0,2,6,HFlat Nadenberg Allgaeu
Bathing,2518.0,2.0,Algarve,0,0,0,1,14.0,6,2,Anlage Aldeia Algarve
Skiing,530.0,4.0,Allgaeu,1,0,0,0,7.0,1,6,HFlat Nadenberg Allgaeu
Active,1538.0,4.0,Tyrol,1,0,0,0,14.0,8,6,HFlat Tyrol
Recreation,688.0,2.0,Allgaeu,1,0,0,0,7.0,2,2,Gaestehaus Meier Allgaeu
Active,789.0,7.0,Tyrol,1,0,0,0,7.0,7,6,HFlat Tyrol
Skiing,1587.0,4.0,Allgaeu,1,0,0,0,7.0,3,2,Gaestehaus Meier Allgaeu
Recreation,688.0,2.0,Tyrol,1,0,0,0,14.0,10,6,HFlat Tyrol
Active,1058.0,3.0,Allgaeu,1,0,0,0,14.0,4,2,Gaestehaus Meier Allgaeu
Recreation,599.0,5.0,Tyrol,1,0,0,0,7.0,9,6,HFlat Tyrol
Recreation,2937.0,4.0,Allgaeu,1,0,0,0,7.0,3,5,Alpenhotel Allgaeu
Recreation,494.0,3.0,Tyrol,1,0,0,0,7.0,8,6,HFlat Tyrol
Skiing,2447.0,3.0,Allgaeu,1,0,0,0,7.0,2,5,Alpenhotel Allgaeu
Recreation,849.0,6.0,Tyrol,1,0,0,0,7.0,7,6,HFlat Tyrol
Active,2248.0,2.0,Allgaeu,1,0,0,0,7.0,1,5,Alpenhotel Allgaeu
Recreation,729.0,5.0,Tyrol,1,0,0,0,7.0,6,6,HFlat Tyrol
Skiing,1822.0,3.0,Allgaeu,1,0,0,0,7.0,2,3,Hotel Alpenblick Allgaeu
Wandering,728.0,2.0,Tyrol,1,0,0,0,14.0,7,6,HFlat Tyrol
Skiing,1458.0,2.0,Allgaeu,1,0,0,0,7.0,3,3,Hotel Alpenblick Allgaeu
Wandering,838.0,3.0,Tyrol,1,0,0,0,14.0,8,6,HFlat Tyrol
Active,1822.0,3.0,Allgaeu,1,0,0,0,14.0,4,3,Hotel Alpenblick Allgaeu
Wandering,789.0,6.0,Tyrol,1,0,0,0,7.0,9,6,HFlat Tyrol
Recreation,2428.0,3.0,Allgaeu,1,0,0,0,7.0,3,5,Hofgut Kuernach Allgaeu
Wandering,484.0,2.0,Tyrol,1,0,0,0,7.0,10,6,HFlat Tyrol
Skiing,1868.0,2.0,Allgaeu,1,0,0,0,7.0,2,5,Hofgut Kuernach Allgaeu
Wandering,609.0,5.0,Tyrol,1,0,0,0,7.0,9,6,HFlat Tyrol
Active,4332.0,4.0,Allgaeu,1,0,0,0,7.0,1,5,Hofgut Kuernach Allgaeu
Wandering,539.0,4.0,Tyrol,1,0,0,0,7.0,8,6,HFlat Tyrol
Active,664.0,4.0,Czechia,1,0,0,0,7.0,3,6,HFlat Bohemian Forest
Wandering,654.0,5.0,Tyrol,1,0,0,0,7.0,7,6,HFlat Tyrol
Active,579.0,6.0,Czechia,1,0,0,0,7.0,4,6,HFlat Bohemian Forest
Wandering,449.0,3.0,Tyrol,1,0,0,0,7.0,6,6,HFlat Tyrol
Skiing,1108.0,4.0,Czechia,1,0,0,0,14.0,2,6,HFlat Adlergebirge
Active,3098.0,3.0,Tyrol,1,0,0,0,14.0,9,5,Aparthotel Hopfgarten
Skiing,974.0,3.0,Czechia,1,0,0,0,7.0,3,6,HFlat Giant Mountains
Recreation,1847.0,3.0,Tyrol,1,0,0,0,7.0,8,5,Hotel Alpenresidence Tyrol
Skiing,974.0,5.0,Czechia,1,0,0,0,7.0,4,6,HFlat Giant Mountains
Wandering,1198.0,2.0,Tyrol,1,0,0,0,7.0,10,5,Hotel Alpenresidence Tyrol
Skiing,718.0,2.0,Czechia,1,0,0,0,7.0,3,1,Hotel Sirena Giant Mountains
Recreation,1571.0,5.0,Tyrol,1,0,0,0,7.0,9,4,Hotel Unterwirt Tyrol
Active,892.0,4.0,Czechia,1,0,0,0,7.0,2,1,Hotel Sirena Giant Mountains
Wandering,3267.0,4.0,Tyrol,1,0,0,0,14.0,8,4,Hotel Klausen Tyrol
Recreation,1180.0,3.0,Czechia,1,0,0,0,14.0,3,1,Pension Protez Giant Mountains
Wandering,738.0,2.0,Tyrol,1,0,0,0,7.0,6,4,Hotel Wastlhof Tyrol
Skiing,458.0,2.0,Czechia,1,0,0,0,7.0,4,1,Pension Protez Giant Mountains
Active,818.0,2.0,Tyrol,1,0,0,0,7.0,7,3,Ferienhotel Neuwirt Tyrol
Recreation,1096.0,4.0,Czechia,1,0,0,0,7.0,3,1,Pension Trakce Giant Mountains
Active,488.0,2.0,Czechia,1,0,0,0,7.0,2,1,Pension Trakce Giant Mountains
Skiing,1047.0,3.0,Czechia,1,0,0,0,7.0,3,2,Berghotel Cubat Giant Mountains
Skiing,698.0,2.0,Czechia,1,0,0,0,7.0,4,2,Berghotel Cubat Giant Mountains
Active,458.0,2.0,Czechia,1,0,0,0,7.0,2,1,Hotel Central Giant Mountains
Skiing,897.0,3.0,Czechia,1,0,0,0,14.0,3,1,Hotel Central Giant Mountains
Active,638.0,2.0,Czechia,1,0,0,0,7.0,4,2,Hotel Energetik Giant Mountains
Skiing,1596.0,4.0,Czechia,1,0,0,0,7.0,3,2,Hotel Energetik Giant Mountains
Recreation,1737.0,3.0,Czechia,1,0,0,0,14.0,2,3,Hotel Arnika Giant Mountains
Skiing,998.0,2.0,Czechia,1,0,0,0,7.0,4,3,Hotel Arnika Giant Mountains
Skiing,1737.0,3.0,Czechia,1,0,0,0,7.0,3,3,Hotel Arnika Giant Mountains
Active,1372.0,3.0,Czechia,1,0,0,0,7.0,3,3,Hotel Montana Giant Mountains
Skiing,698.0,2.0,Czechia,1,0,0,0,7.0,2,3,Hotel Montana Giant Mountains
Active,798.0,2.0,Czechia,1,0,0,0,14.0,4,3,Hotel Horal Giant Mountains
Skiing,1414.0,3.0,Czechia,1,0,0,0,7.0,3,3,Hotel Horal Giant Mountains
Skiing,1152.0,4.0,Czechia,1,0,0,0,7.0,2,3,Hotel Horal Giant Mountains
Skiing,888.0,2.0,Slowakei,1,0,0,0,7.0,4,1,Pension Bjoernson High Tatra
Skiing,1272.0,3.0,Slowakei,1,0,0,0,7.0,3,1,Pension Bjoernson High Tatra
Skiing,1497.0,3.0,Slowakei,1,0,0,0,7.0,3,2,Hotel Sverma High Tatra
Active,748.0,2.0,Slowakei,1,0,0,0,7.0,2,2,Hotel Sverma High Tatra
Skiing,1795.0,5.0,Slowakei,1,0,0,0,7.0,2,2,Hotel Zornicka High Tatra
Active,2334.0,6.0,Slowakei,1,0,0,0,14.0,3,2,Hotel Zornicka High Tatra
Recreation,2036.0,4.0,Slowakei,1,0,0,0,7.0,3,2,Hotel Vesel High Tatra
Skiing,1257.0,3.0,Slowakei,1,0,0,0,14.0,4,2,Hotel Vesel High Tatra
Recreation,1198.0,2.0,Slowakei,1,0,0,0,7.0,4,3,Hotel Slovakia High Tatra
Active,2097.0,3.0,Slowakei,1,0,0,0,7.0,3,3,Hotel Slovakia High Tatra
Active,1816.0,4.0,Slowakei,1,0,0,0,7.0,3,3,Hotel Hutnik High Tatra
Skiing,598.0,2.0,Slowakei,1,0,0,0,7.0,2,3,Hotel Hutnik High Tatra
Skiing,1048.0,2.0,Slowakei,1,0,0,0,7.0,4,3,Hotel Panorama High Tatra
Active,3777.0,3.0,Slowakei,1,0,0,0,14.0,3,3,Hotel Panorama High Tatra
Recreation,1738.0,2.0,Slowakei,1,0,0,0,7.0,3,3,Hotel Patria High Tatra
Bathing,2678.0,4.0,Riviera,1,0,0,0,14.0,9,6,HFlat Riviera Italy
Bathing,599.0,2.0,Riviera,1,0,0,0,14.0,10,6,HFlat Riviera Italy
Bathing,484.0,3.0,Riviera,1,0,0,0,7.0,9,6,HFlat Riviera Italy
Bathing,869.0,5.0,Riviera,1,0,0,0,7.0,8,6,HFlat Riviera Italy
Bathing,2222.0,4.0,Riviera,1,0,0,0,14.0,8,2,Hotel La Vela Ital Riviera
Bathing,747.0,3.0,Riviera,1,0,0,0,7.0,10,2,Hotel La Vela Ital Riviera
Recreation,1508.0,2.0,Riviera,1,0,0,0,14.0,7,2,Hotel Al Sole Ital Riviera
Recreation,648.0,2.0,Riviera,1,0,0,0,7.0,5,2,Hotel Al Sole Ital Riviera
Bathing,622.0,3.0,Riviera,1,0,0,0,7.0,9,1,Hotel Tritone Ital Riviera
Bathing,1178.0,2.0,Riviera,1,0,0,0,14.0,8,1,Hotel Tritone Ital Riviera
Skiing,1572.0,3.0,Slowakei,1,0,0,0,7.0,2,3,Hotel Patria High Tatra
Skiing,1098.0,2.0,Slowakei,1,0,0,0,7.0,4,3,Hotel Fis High Tatra
Active,1028.0,2.0,Slowakei,1,0,0,0,14.0,3,3,Hotel Fis High Tatra
Skiing,1647.0,3.0,Slowakei,1,0,0,0,7.0,3,2,Hotel Banik High Tatra
Active,858.0,2.0,Slowakei,1,0,0,0,7.0,2,2,Hotel Banik High Tatra
Recreation,1276.0,4.0,Poland,1,0,0,0,7.0,2,2,Hotel Piecuch Poland
Skiing,638.0,2.0,Poland,1,0,0,0,7.0,4,2,Hotel Piecuch Poland
Active,987.0,3.0,Poland,1,0,0,0,7.0,3,2,Hotel Piecuch Poland
Recreation,329.0,2.0,Poland,1,0,0,0,7.0,3,2,Hotel Ametyst Poland
Skiing,1962.0,4.0,Poland,1,0,0,0,14.0,3,2,Hotel Ametyst Poland
Wandering,1078.0,2.0,LakeGarda,1,0,0,0,14.0,7,6,HFlat Gardasee Italy
Wandering,599.0,4.0,LakeGarda,1,0,0,0,7.0,10,6,HFlat Gardasee Italy
Bathing,1099.0,3.0,LakeGarda,1,0,0,0,7.0,9,6,HFlat Gardasee Italy
Active,928.0,2.0,LakeGarda,1,0,0,0,14.0,7,6,HFlat Gardasee Italy
Active,884.0,6.0,LakeGarda,1,0,0,0,7.0,8,6,HFlat Gardasee Italy
Active,579.0,3.0,LakeGarda,1,0,0,0,7.0,10,6,HFlat Gardasee Italy
Recreation,624.0,2.0,LakeGarda,1,0,0,0,7.0,9,6,HFlat Gardasee Italy
Recreation,479.0,6.0,LakeGarda,1,0,0,0,7.0,8,6,HFlat Gardasee Italy
Recreation,1398.0,5.0,LakeGarda,1,0,0,0,14.0,7,6,HFlat Gardasee Italy
Recreation,798.0,4.0,LakeGarda,1,0,0,0,14.0,6,6,HFlat Gardasee Italy
Active,319.0,2.0,Poland,1,0,0,0,7.0,2,2,Hotel Ametyst Poland
Recreation,687.0,3.0,Poland,1,0,0,0,7.0,4,2,Hotel Karolinka Poland
Skiing,478.0,2.0,Poland,1,0,0,0,7.0,3,2,Hotel Karolinka Poland
Active,898.0,2.0,Poland,1,0,0,0,14.0,2,2,Hotel Karolinka Poland
Recreation,807.0,4.0,Poland,1,0,0,0,7.0,4,2,Hotel Anna Maria Poland
Skiing,558.0,2.0,Poland,1,0,0,0,7.0,3,2,Hotel Anna Maria Poland
Active,1602.0,3.0,Poland,1,0,0,0,14.0,2,2,Hotel Anna Maria Poland
Recreation,1076.0,4.0,Poland,1,0,0,0,7.0,3,3,Hotel Maurizius Poland
Skiing,822.0,3.0,Poland,1,0,0,0,7.0,3,3,Hotel Maurizius Poland
Active,538.0,2.0,Poland,1,0,0,0,7.0,2,3,Hotel Maurizius Poland
Wandering,3678.0,3.0,LakeGarda,1,0,0,0,14.0,8,4,Hotel Leonardo Lake Garda
Recreation,3138.0,2.0,LakeGarda,1,0,0,0,21.0,6,4,Hotel Olimpo Lake Garda
Recreation,2118.0,2.0,LakeGarda,1,0,0,0,14.0,10,4,Hotel Olimpo Lake Garda
Wandering,5497.0,3.0,LakeGarda,1,0,0,0,21.0,8,3,Hotel Royal Lake Garda
Active,2897.0,3.0,LakeGarda,1,0,0,0,14.0,7,3,Hotel Royal Lake Garda
Active,1098.0,2.0,LakeGarda,1,0,0,0,7.0,10,3,Hotel Excelsior Bay Lake Garda
Bathing,2897.0,3.0,LakeGarda,1,0,0,0,14.0,9,3,Hotel Excelsior Bay Lake Garda
Recreation,1593.0,4.0,LakeGarda,1,0,0,0,7.0,8,2,Hotel Palme Lake Garda
Recreation,1838.0,2.0,LakeGarda,1,0,0,0,14.0,7,2,Hotel Marco Polo Lake Garda
Recreation,1608.0,2.0,LakeGarda,1,0,0,0,14.0,6,2,Hotel Palme Lake Garda
Active,339.0,2.0,Holland,1,0,0,0,4.0,0,6,Ferienpark Port Greve Holland
Recreation,354.0,4.0,Holland,1,0,0,0,3.0,2,6,Ferienpark Port Greve Holland
Active,609.0,6.0,Holland,1,0,0,0,7.0,3,6,Ferienpark Port Greve Holland
Recreation,529.0,4.0,Holland,1,0,0,0,7.0,1,6,Ferienpark Port Greve Holland
Recreation,499.0,3.0,Holland,1,0,0,0,7.0,0,6,Ferienpark Port Greve Holland
Active,1089.0,6.0,Fano,1,0,0,0,7.0,4,6,Ferienpark Fano Denmark
Recreation,849.0,4.0,Fano,1,0,0,0,7.0,2,6,Ferienpark Fano Denmark
Active,1638.0,6.0,Denmark,1,0,0,0,14.0,4,6,HFlat Ronbjerg Strand Denmark
Recreation,719.0,4.0,Denmark,1,0,0,0,7.0,3,6,HFlat Ronbjerg Strand Denmark
Recreation,579.0,2.0,Denmark,1,0,0,0,7.0,2,6,HFlat Ronbjerg Strand Denmark
Recreation,399.0,6.0,AdriaticSea,1,0,0,0,7.0,7,6,HFlat Adriatic Sea
Recreation,798.0,3.0,AdriaticSea,1,0,0,0,14.0,10,6,HFlat Adriatic Sea
Active,1359.0,8.0,AdriaticSea,1,0,0,0,7.0,9,6,HFlat Adriatic Sea
Active,998.0,4.0,AdriaticSea,1,0,0,0,14.0,7,6,HFlat Adriatic Sea
Bathing,1538.0,3.0,AdriaticSea,1,0,0,0,14.0,8,6,HFlat Adriatic Sea
Bathing,598.0,2.0,AdriaticSea,1,0,0,0,14.0,6,6,HFlat Adriatic Sea
Bathing,439.0,6.0,AdriaticSea,1,0,0,0,14.0,10,6,HFlat Adriatic Sea
Bathing,1139.0,5.0,AdriaticSea,1,0,0,0,7.0,9,6,HFlat Adriatic Sea
Bathing,699.0,4.0,AdriaticSea,1,0,0,0,7.0,8,6,HFlat Adriatic Sea
Bathing,679.0,6.0,AdriaticSea,1,0,0,0,7.0,7,6,HFlat Adriatic Sea
Recreation,1278.0,2.0,AdriaticSea,1,0,0,0,14.0,7,3,Hotel Nautilus Adriatic Sea
Bathing,1349.0,4.0,AdriaticSea,1,0,0,0,7.0,9,3,Hotel Nautilus Adriatic Sea
Bathing,1678.0,2.0,AdriaticSea,1,0,0,0,14.0,8,3,Hotel Nautilus Adriatic Sea
Recreation,1758.0,2.0,AdriaticSea,1,0,0,0,21.0,6,2,Hotel Sporting Adriatic Sea
Active,1193.0,3.0,AdriaticSea,1,0,0,0,7.0,8,2,Hotel Sporting Adriatic Sea
Bathing,2311.0,3.0,AdriaticSea,1,0,0,0,14.0,9,2,Hotel Tropic Adriatic Sea
Bathing,1238.0,2.0,AdriaticSea,1,0,0,0,14.0,10,2,Hotel Mexico Adriatic Sea
Bathing,1547.0,4.0,AdriaticSea,1,0,0,0,14.0,9,2,Hotel Mexico Adriatic Sea
Bathing,1375.0,3.0,AdriaticSea,1,0,0,0,7.0,8,2,Hotel Tropic Adriatic Sea
Bathing,1438.0,2.0,AdriaticSea,1,0,0,0,14.0,7,2,Hotel Mexico Adriatic Sea
Recreation,705.0,6.0,Holland,0,0,1,0,3.0,10,6,Park Gran Dorado Holland
Recreation,735.0,4.0,Holland,0,0,1,0,4.0,7,6,Park Gran Dorado Holland
Recreation,485.0,2.0,Holland,0,0,1,0,3.0,6,6,Park Gran Dorado Holland
Recreation,2780.0,4.0,Holland,0,0,1,0,14.0,8,6,Park Gran Dorado Holland
Recreation,2468.0,2.0,Holland,0,0,1,0,14.0,10,6,Park Gran Dorado Holland
Recreation,1580.0,6.0,Holland,0,0,1,0,7.0,9,6,Park Gran Dorado Holland
Recreation,2760.0,4.0,Holland,0,1,0,0,14.0,8,6,Park Gran Dorado Holland
Active,1900.0,5.0,Holland,0,1,0,0,14.0,11,6,Park Gran Dorado Holland
Active,2620.0,4.0,Holland,0,1,0,0,14.0,7,6,Park Gran Dorado Holland
Active,790.0,2.0,Holland,0,1,0,0,7.0,6,6,Park Gran Dorado Holland
Active,3280.0,4.0,Holland,1,0,0,0,14.0,5,6,Park Gran Dorado Holland
Wandering,758.0,2.0,GiantMountains,1,0,0,0,7.0,6,2,Hotel Bedrichov Giant Mountains
Bathing,329.0,6.0,NorthSea,1,0,0,0,3.0,7,6,HFlat North Sea Holland
Active,4810.0,3.0,Teneriffe,0,0,0,1,21.0,6,4,Hotel Florida Teneriffe
Bathing,539.0,4.0,NorthSea,1,0,0,0,3.0,6,6,HFlat North Sea Holland
Active,5532.0,4.0,Teneriffe,0,0,0,1,14.0,9,4,Hotel Florida Teneriffe
Bathing,474.0,5.0,NorthSea,1,0,0,0,3.0,7,6,HFlat North Sea Holland
Bathing,2488.0,2.0,Teneriffe,0,0,0,1,7.0,7,4,Hotel Sol Teneriffe
Active,514.0,5.0,NorthSea,0,0,1,0,7.0,7,6,HFlat North Sea Holland
Bathing,4287.0,3.0,Teneriffe,0,0,0,1,14.0,8,4,Hotel Sol Teneriffe
Recreation,1198.0,3.0,NorthSea,0,1,0,0,14.0,10,6,HFlat North Sea Holland
Bathing,4011.0,3.0,Teneriffe,0,0,0,1,14.0,9,4,Hotel Sol Teneriffe
Recreation,559.0,6.0,NorthSea,0,1,0,0,7.0,9,6,HFlat North Sea Holland
Recreation,2178.0,2.0,Teneriffe,0,0,0,1,7.0,11,3,Hotel Internacional Teneriffe
Active,1598.0,4.0,NorthSea,1,0,0,0,14.0,8,6,HFlat North Sea Holland
Active,3278.0,2.0,Teneriffe,0,0,0,1,21.0,7,3,Hotel Internacional Teneriffe
Bathing,1478.0,3.0,NorthSea,1,0,0,0,14.0,9,6,HFlat North Sea Holland
Bathing,2068.0,2.0,Teneriffe,0,0,0,1,7.0,6,3,Hotel Las Pyramides Teneriffe
Bathing,649.0,5.0,NorthSea,1,0,0,0,7.0,8,6,HFlat North Sea Holland
Bathing,2858.0,2.0,Teneriffe,0,0,0,1,14.0,8,3,Hotel Las Pyramides Teneriffe
Bathing,1408.0,6.0,NorthSea,1,0,0,0,14.0,7,6,HFlat North Sea Holland
Bathing,3194.0,3.0,Teneriffe,0,0,0,1,14.0,9,3,Hotel Las Pyramides Teneriffe
Recreation,3297.0,6.0,Wales,1,0,0,0,21.0,8,6,HFlat Wales
Bathing,2278.0,2.0,Teneriffe,0,0,0,1,14.0,7,3,Appartm Parque Royal Teneriffe
Recreation,1888.0,6.0,Wales,1,0,0,0,14.0,10,6,HFlat Wales
Bathing,3507.0,4.0,Teneriffe,0,0,0,1,14.0,9,3,Appartm Parque Royal Teneriffe
Language,2628.0,6.0,Wales,1,0,0,0,14.0,9,6,HFlat Wales
Bathing,3837.0,3.0,Teneriffe,0,0,0,1,14.0,8,3,Appartm Parque Royal Teneriffe
Language,3732.0,5.0,Wales,1,0,0,0,21.0,8,6,HFlat Wales
Bathing,2698.0,2.0,Teneriffe,0,0,0,1,21.0,10,2,Studios Mare Verde Teneriffe
Education,1808.0,5.0,Wales,1,0,0,0,14.0,7,6,HFlat Wales
Bathing,3417.0,3.0,Teneriffe,0,0,0,1,14.0,7,2,Studios Mare Verde Teneriffe
Recreation,2248.0,2.0,Scotland,1,0,0,0,21.0,8,6,HFlat Scotland
Active,1898.0,2.0,Mallorca,0,0,0,1,7.0,10,4,Lagotel-Club Mallorca
Recreation,2738.0,2.0,Scotland,1,0,0,0,14.0,10,6,HFlat Scotland
Active,2678.0,2.0,Mallorca,0,0,0,1,14.0,7,4,Lagotel-Club Mallorca
Language,3878.0,6.0,Scotland,1,0,0,0,14.0,9,6,HFlat Scotland
Bathing,3605.0,3.0,Mallorca,0,0,0,1,14.0,9,4,Anlage Lago Playa Mallorca
Language,3282.0,2.0,Scotland,1,0,0,0,21.0,8,6,HFlat Scotland
Bathing,3644.0,4.0,Mallorca,0,0,0,1,7.0,8,4,Anlage Lago Playa Mallorca
Education,2458.0,3.0,Scotland,1,0,0,0,14.0,7,6,HFlat Scotland
Bathing,1478.0,2.0,Mallorca,0,0,0,1,4.0,7,4,Hotel Gran Fiesta Mallorca
Recreation,2457.0,8.0,Ireland,1,0,0,0,21.0,10,6,HFlat Ireland
Active,3058.0,2.0,Mallorca,0,0,0,1,21.0,6,3,Hotel Saturno Mallorca
Recreation,2388.0,4.0,Ireland,1,0,0,0,14.0,9,6,HFlat Ireland
Bathing,2598.0,3.0,Mallorca,0,0,0,1,14.0,10,3,Hotel Saturno Mallorca
Language,2048.0,7.0,Ireland,1,0,0,0,14.0,8,6,HFlat Ireland
Bathing,1858.0,2.0,Mallorca,0,0,0,1,7.0,9,3,Hotel Sol Lux Mallorca
Language,2592.0,6.0,Ireland,1,0,0,0,21.0,7,6,HFlat Ireland
Bathing,3697.0,3.0,Mallorca,0,0,0,1,14.0,8,3,Hotel Sol Lux Mallorca
Education,3208.0,8.0,Ireland,1,0,0,0,14.0,9,6,HFlat Ireland
Bathing,1607.0,3.0,Mallorca,0,0,0,1,4.0,9,3,Hotel Flamingo Mallorca
Recreation,3297.0,6.0,England,1,0,0,0,21.0,8,6,HFlat England
Bathing,3530.0,4.0,Mallorca,0,0,0,1,14.0,8,3,Hotel Samu Mallorca
Recreation,2298.0,7.0,England,1,0,0,0,14.0,10,6,HFlat England
Bathing,2198.0,2.0,Mallorca,0,0,0,1,14.0,7,3,Hotel Samu Mallorca
Language,2398.0,8.0,England,1,0,0,0,14.0,9,6,HFlat England
Wandering,1676.0,3.0,Mallorca,0,0,0,1,7.0,10,2,Hotel Vaquer Mallorca
Language,3582.0,6.0,England,1,0,0,0,21.0,8,6,HFlat England
Active,1798.0,2.0,Mallorca,0,0,0,1,14.0,7,2,Hotel Vaquer Mallorca
Education,2068.0,4.0,England,1,0,0,0,14.0,7,6,HFlat England
Recreation,1285.0,3.0,Mallorca,0,0,0,1,4.0,6,2,Hotel Manaus Mallorca
Education,3098.0,2.0,Rhodes,0,0,0,1,14.0,10,4,Hotel Paradise Beach Rhodes
Bathing,2410.0,4.0,Mallorca,0,0,0,1,7.0,9,2,Pension Alcina Mallorca
Recreation,2298.0,2.0,Rhodes,0,0,0,1,7.0,7,4,Hotel Paradise Beach Rhodes
Bathing,1718.0,2.0,Mallorca,0,0,0,1,14.0,7,2,Pension Alcina Mallorca
Active,3498.0,2.0,Rhodes,0,0,0,1,14.0,8,4,Hotel Paradise Beach Rhodes
Bathing,2481.0,2.0,Mallorca,0,0,0,1,21.0,10,1,Pension El Golea Mallorca
Bathing,4925.0,4.0,Rhodes,0,0,0,1,14.0,9,4,Hotel Columbia Resort Rhodes
Bathing,2397.0,3.0,Mallorca,0,0,0,1,14.0,8,1,Pension Marina Mallorca
Bathing,3958.0,2.0,Rhodes,0,0,0,1,21.0,10,4,Hotel Columbia Resort Rhodes
Bathing,1558.0,2.0,Mallorca,0,0,0,1,14.0,7,1,Pension Marina Mallorca
Bathing,3869.0,3.0,Rhodes,0,0,0,1,14.0,8,4,Hotel Columbia Resort Rhodes
Active,2090.0,3.0,Ibiza,0,0,0,1,7.0,9,4,Hotel Nereida Ibiza
Education,2478.0,2.0,Rhodes,0,0,0,1,14.0,11,3,Hotel Kalithea Sun Rhodes
Bathing,4958.0,2.0,Ibiza,0,0,0,1,14.0,8,4,Club La Mola Ibiza
Active,4364.0,3.0,Rhodes,0,0,0,1,21.0,8,3,Hotel Kalithea Sun Rhodes
Bathing,4398.0,2.0,Ibiza,0,0,0,1,14.0,7,4,Club La Mola Ibiza
Active,2758.0,2.0,Rhodes,0,0,0,1,14.0,7,3,Hotel Kalithea Sun Rhodes
Active,3558.0,2.0,Ibiza,0,0,0,1,21.0,10,3,Hotel Atlantic Ibiza
Active,4832.0,4.0,Ibiza,0,0,0,1,14.0,8,3,Hotel Atlantic Ibiza
Bathing,3217.0,3.0,Ibiza,0,0,0,1,14.0,7,3,Hotel Atlantic Ibiza
Bathing,2343.0,3.0,Ibiza,0,0,0,1,7.0,9,3,Hotel Atlantic Ibiza
Bathing,3258.0,2.0,Ibiza,0,0,0,1,21.0,6,3,Hotel Helios II Ibiza
Bathing,2878.0,2.0,Ibiza,0,0,0,1,14.0,8,3,Hotel Helios II Ibiza
Bathing,2798.0,2.0,Ibiza,0,0,0,1,14.0,7,3,Hotel Helios II Ibiza
Active,1995.0,3.0,Ibiza,0,0,0,1,7.0,8,2,Hotel Llevant Ibiza
Active,2852.0,4.0,Ibiza,0,0,0,1,14.0,9,2,Hotel Llevant Ibiza
Bathing,2427.0,3.0,Ibiza,0,0,0,1,14.0,8,2,Hotel Llevant Ibiza
Bathing,2498.0,2.0,Ibiza,0,0,0,1,21.0,10,2,Pension Central Ibiza
Bathing,2078.0,2.0,Ibiza,0,0,0,1,14.0,7,2,Pension Central Ibiza
Active,3551.0,3.0,GranCanaria,0,0,0,1,14.0,9,4,Hotel Caserio Gran Canaria
Active,2848.0,2.0,GranCanaria,0,0,0,1,14.0,6,4,Hotel Caserio Gran Canaria
Bathing,3498.0,2.0,GranCanaria,0,0,0,1,21.0,10,4,Hotel Caserio Gran Canaria
Bathing,4252.0,3.0,GranCanaria,0,0,0,1,14.0,8,4,Hotel Las Margaritas Gran Canaria
Bathing,3258.0,2.0,GranCanaria,0,0,0,1,14.0,7,4,Hotel Las Margaritas Gran Canaria
Recreation,2508.0,2.0,GranCanaria,0,0,0,1,7.0,9,3,IFA Beach Hotel Gran Canaria
Active,3778.0,2.0,GranCanaria,0,0,0,1,21.0,10,3,IFA Beach Hotel Gran Canaria
Active,4261.0,3.0,GranCanaria,0,0,0,1,14.0,9,3,IFA Beach Hotel Gran Canaria
Bathing,2723.0,3.0,GranCanaria,0,0,0,1,7.0,8,3,Hotel Caserio Gran Canaria
Bathing,4100.0,3.0,GranCanaria,0,0,0,1,21.0,7,3,Hotel Riosol Gran Canaria
Wandering,598.0,2.0,Thuringia,1,0,0,0,7.0,4,2,Hotel Frankenwald Thuringia
Bathing,2788.0,2.0,GranCanaria,0,0,0,1,14.0,6,3,Hotel Riosol Gran Canaria
Active,987.0,4.0,Thuringia,1,0,0,0,7.0,3,2,Hotel Frankenwald Thuringia
Active,3177.0,4.0,GranCanaria,0,0,0,1,14.0,9,2,Studios Brisamar Gran Canaria
Recreation,785.0,3.0,Thuringia,1,0,0,0,7.0,1,2,Hotel Am Schuetzenberg Thuringia
Bathing,2378.0,2.0,GranCanaria,0,0,0,1,14.0,10,2,Studios Brisamar Gran Canaria
Wandering,1294.0,2.0,Thuringia,1,0,0,0,14.0,2,2,Hotel Am Schuetzenberg Thuringia
Bathing,3125.0,3.0,GranCanaria,0,0,0,1,21.0,8,2,Studios Puerto Plata Gran Canaria
Skiing,1977.0,4.0,Thuringia,1,0,0,0,7.0,3,4,Hotel Panorama Thuringia
Bathing,2412.0,3.0,GranCanaria,0,0,0,1,14.0,6,2,Studios Puerto Plata Gran Canaria
Recreation,1647.0,3.0,Thuringia,1,0,0,0,7.0,4,4,Hotel Panorama Thuringia
Recreation,3188.0,2.0,Fuerteventura,0,0,0,1,14.0,6,4,Hotel Rio Maxarota Fuerteventura
Wandering,1138.0,2.0,Thuringia,1,0,0,0,7.0,2,4,Hotel Panorama Thuringia
Active,4602.0,3.0,Fuerteventura,0,0,0,1,14.0,8,4,Hotel Rio Maxarota Fuerteventura
Wandering,1773.0,3.0,Thuringia,1,0,0,0,14.0,0,3,Berghotel Oberhof Thuringia
Active,3428.0,2.0,Fuerteventura,0,0,0,1,14.0,10,4,Hotel Rio Maxarota Fuerteventura
Recreation,688.0,2.0,Thuringia,1,0,0,0,7.0,1,3,Berghotel Oberhof Thuringia
Bathing,3188.0,2.0,Fuerteventura,0,0,0,1,7.0,7,4,Hotel Rio Ventura Fuerteventura
Skiing,883.0,2.0,Thuringia,1,0,0,0,7.0,2,2,Hotel Schoene Aussicht Thuringia
Active,2678.0,3.0,CotedAzur,1,0,0,0,14.0,9,6,HFlat Cote d'Azur
Bathing,4458.0,7.0,CotedAzur,1,0,0,0,14.0,8,6,HFlat Cote d'Azur
Bathing,1108.0,4.0,CotedAzur,0,1,0,0,14.0,7,6,HFlat Cote d'Azur
Bathing,1198.0,4.0,CotedAzur,1,0,0,0,14.0,6,6,HFlat Cote d'Azur
Bathing,449.0,4.0,CotedAzur,0,1,0,0,7.0,11,6,HFlat Cote d'Azur
Bathing,799.0,6.0,CotedAzur,1,0,0,0,7.0,10,6,HFlat Cote d'Azur
Bathing,1029.0,5.0,CotedAzur,1,0,0,0,7.0,9,6,HFlat Cote d'Azur
Bathing,1089.0,5.0,CotedAzur,1,0,0,0,7.0,8,6,HFlat Cote d'Azur
Bathing,829.0,7.0,CotedAzur,1,0,0,0,7.0,7,6,HFlat Cote d'Azur
Bathing,479.0,3.0,CotedAzur,1,0,0,0,7.0,6,6,HFlat Cote d'Azur
Bathing,6369.0,4.0,Fuerteventura,0,0,0,1,14.0,9,4,Hotel Rio Ventura Fuerteventura
Wandering,1104.0,3.0,Thuringia,1,0,0,0,7.0,3,2,Hotel Schoene Aussicht Thuringia
Bathing,5709.0,3.0,Fuerteventura,0,0,0,1,14.0,8,4,Hotel Rio Ventura Fuerteventura
Wandering,1368.0,2.0,Thuringia,1,0,0,0,7.0,4,3,Hotel Finsterbergen Thuringia
Bathing,7161.0,3.0,Fuerteventura,0,0,0,1,21.0,7,4,Hotel Rio Ventura Fuerteventura
Active,4092.0,4.0,Thuringia,1,0,0,0,14.0,3,3,Hotel Finsterbergen Thuringia
Recreation,3578.0,2.0,Fuerteventura,0,0,0,1,14.0,7,3,Hotel Crystal Beach Fuerteventura
Recreation,1178.0,2.0,Thuringia,1,0,0,0,7.0,2,3,Berghotel Friedrichroda Thuringia
Active,3678.0,2.0,Fuerteventura,0,0,0,1,14.0,9,3,Hotel Crystal Beach Fuerteventura
Wandering,1672.0,3.0,Thuringia,1,0,0,0,7.0,1,3,Berghotel Friedrichroda Thuringia
Active,2252.0,3.0,Fuerteventura,0,0,0,1,7.0,8,3,Appartm Rio Tropical Fuerteventura
Wandering,839.0,6.0,BlackForest,1,0,0,0,7.0,2,6,HFlat Panorama-Blick Black Forest
Active,2598.0,2.0,Fuerteventura,0,0,0,1,14.0,10,3,Appartm Rio Tropical Fuerteventura
Recreation,989.0,4.0,BlackForest,1,0,0,0,7.0,3,6,HFlat Panorama-Blick Black Forest
Bathing,3417.0,4.0,Fuerteventura,0,0,0,1,14.0,9,3,Appartm Rio Tropical Fuerteventura
Wandering,1033.0,5.0,BlackForest,1,0,0,0,14.0,4,6,HFlat Schwiezer Hof Black Forest
Bathing,6357.0,3.0,Fuerteventura,0,0,0,1,21.0,8,3,Hotel Oliva Beach Fuerteventura
Skiing,464.0,3.0,BlackForest,1,0,0,0,7.0,3,6,HFlat Schwiezer Hof Black Forest
Bathing,4402.0,3.0,Fuerteventura,0,0,0,1,14.0,7,3,Hotel Oliva Beach Fuerteventura
Recreation,599.0,4.0,BlackForest,1,0,0,0,7.0,2,6,HFlat Schwarzwaldblick
Bathing,519.0,2.0,CotedAzur,1,0,0,0,7.0,5,6,HFlat Cote d'Azur
Recreation,2187.0,2.0,Atlantic,1,0,0,0,21.0,9,6,HFlat Atlantik France
Recreation,2878.0,8.0,Atlantic,1,0,0,0,14.0,8,6,HFlat Atlantik France
Active,1204.0,8.0,Atlantic,1,0,0,0,7.0,7,6,HFlat Atlantik France
Active,849.0,6.0,Atlantic,1,0,0,0,7.0,9,6,HFlat Atlantik France
Active,1938.0,6.0,Atlantic,1,0,0,0,14.0,8,6,HFlat Atlantik France
Active,838.0,5.0,Atlantic,1,0,0,0,14.0,7,6,HFlat Atlantik France
Bathing,1347.0,3.0,Atlantic,1,0,0,0,21.0,6,6,HFlat Atlantik France
Bathing,879.0,4.0,Atlantic,1,0,0,0,7.0,9,6,HFlat Atlantik France
Bathing,1289.0,5.0,Atlantic,1,0,0,0,7.0,8,6,HFlat Atlantik France
Bathing,3528.0,2.0,Fuerteventura,0,0,0,1,14.0,6,3,Hotel Oliva Beach Fuerteventura
Recreation,679.0,2.0,BlackForest,1,0,0,0,7.0,1,6,HFlat Schwarzwaldblick
Recreation,3912.0,4.0,CostaBrava,1,0,0,0,14.0,8,4,Golden Hotel Port Salou Costa Brava
Skiing,549.0,6.0,BlackForest,1,0,0,0,7.0,2,6,HFlat Sonnenrain Black Forest
Active,3048.0,2.0,CostaBrava,1,0,0,0,21.0,10,4,Golden Hotel Port Salou Costa Brava
Active,1098.0,2.0,ErzGebirge,1,0,0,0,7.0,9,4,Hotel Panorama Erz Gebirge
Recreation,1068.0,4.0,BlackForest,1,0,0,0,14.0,3,6,HFlat Schwarzwaldgrund
Bathing,3737.0,3.0,CostaBrava,1,0,0,0,14.0,9,4,Hotel Olympic Park Costa Brava
Recreation,2188.0,2.0,ErzGebirge,1,0,0,0,14.0,10,4,Hotel Panorama Erz Gebirge
Recreation,459.0,2.0,BlackForest,1,0,0,0,7.0,4,6,HFlat Schwarzwaldgrund
Bathing,2418.0,2.0,CostaBrava,1,0,0,0,14.0,7,4,Hotel Olympic Park Costa Brava
Recreation,1372.0,3.0,ErzGebirge,1,0,0,0,7.0,9,4,Hotel Panorama Erz Gebirge
Active,514.0,6.0,BlackForest,1,0,0,0,7.0,3,6,HFlat Ferienpark Black Forest
Bathing,2186.0,3.0,CostaBrava,1,0,0,0,7.0,8,4,Hotel Olympic Park Costa Brava
Wandering,2385.0,3.0,ErzGebirge,1,0,0,0,14.0,7,4,Kur- und Sporthotel Erz Gebirge
Active,454.0,4.0,BlackForest,1,0,0,0,7.0,2,6,HFlat Ferienpark Black Forest
Recreation,2360.0,3.0,CostaBrava,1,0,0,0,14.0,6,3,Hotel Albatros Costa Brava
Wandering,958.0,2.0,ErzGebirge,1,0,0,0,7.0,8,4,Kur- und Sporthotel Erz Gebirge
Wandering,688.0,2.0,BlackForest,1,0,0,0,6.0,1,2,Landgasthof Schuetzen Black Forest
Active,2198.0,2.0,CostaBrava,1,0,0,0,14.0,7,3,Hotel Albatros Costa Brava
Wandering,1580.0,4.0,ErzGebirge,0,1,0,0,7.0,9,4,Kur- und Sporthotel Erz Gebirge
Recreation,897.0,3.0,BlackForest,1,0,0,0,7.0,2,2,Landgasthof Schuetzen Black Forest
Bathing,1738.0,2.0,CostaBrava,1,0,0,0,7.0,8,3,Hotel Albatros Costa Brava
Recreation,918.0,2.0,ErzGebirge,1,0,0,0,7.0,6,3,Sporthotel Erz Gebirge
Skiing,838.0,2.0,BlackForest,1,0,0,0,7.0,3,2,Gasthof Hochkopfhaus Black Forest
Bathing,3099.0,3.0,CostaBrava,1,0,0,0,14.0,8,3,Hotel Surf Mar Costa Brava
Recreation,1828.0,3.0,ErzGebirge,1,0,0,0,14.0,10,3,Sporthotel Erz Gebirge
Wandering,1257.0,4.0,BlackForest,1,0,0,0,7.0,4,2,Gasthof Hochkopfhaus Black Forest
Wandering,2738.0,3.0,ErzGebirge,1,0,0,0,21.0,7,3,Hotel Am Fichtelberg Erz Gebirge
Wandering,918.0,2.0,ErzGebirge,0,1,0,0,7.0,8,3,Hotel Am Fichtelberg Erz Gebirge
Bathing,394.0,3.0,Atlantic,1,0,0,0,7.0,7,6,HFlat Atlantik France
Bathing,649.0,6.0,Atlantic,1,0,0,0,7.0,10,6,HFlat Atlantik France
Bathing,1698.0,4.0,Atlantic,1,0,0,0,14.0,9,6,HFlat Atlantik France
Bathing,4718.0,7.0,Atlantic,1,0,0,0,14.0,8,6,HFlat Atlantik France
Bathing,2078.0,4.0,Atlantic,1,0,0,0,14.0,7,6,HFlat Atlantik France
Bathing,858.0,4.0,Atlantic,1,0,0,0,14.0,6,6,HFlat Atlantik France
Wandering,574.0,4.0,Thuringia,1,0,0,0,7.0,9,6,HFlat Thuringia
Recreation,1148.0,4.0,Thuringia,1,0,0,0,14.0,8,6,HFlat Thuringia
Recreation,589.0,4.0,Thuringia,1,0,0,0,7.0,6,6,HFlat Thuringia
Recreation,1128.0,4.0,Thuringia,0,1,0,0,14.0,7,6,HFlat Thuringia
Bathing,6971.0,4.0,CostaBrava,1,0,0,0,21.0,9,3,Hotel Surf Mar Costa Brava
Recreation,1260.0,3.0,BlackForest,1,0,0,0,14.0,3,3,Hotel Waldwinkel Black Forest
Bathing,2518.0,2.0,CostaBrava,1,0,0,0,14.0,7,3,Hotel Surf Mar Costa Brava
Active,1008.0,2.0,BlackForest,1,0,0,0,7.0,2,3,Hotel Waldwinkel Black Forest
Recreation,1558.0,2.0,CostaBrava,1,0,0,0,7.0,10,2,Hotel Mar Eden Costa Brava
Wandering,1828.0,2.0,ErzGebirge,1,0,0,0,14.0,6,3,Hotel Am Fichtelberg Erz Gebirge
Skiing,1158.0,2.0,BlackForest,1,0,0,0,7.0,3,3,Berghotel Mummelsee Black Forest
Active,2696.0,3.0,CostaBrava,1,0,0,0,21.0,9,2,Hotel Mar Eden Costa Brava
Recreation,758.0,3.0,ErzGebirge,1,0,0,0,7.0,10,2,Wolfsgruener Schloss Erz Gebirge
Recreation,2322.0,3.0,BlackForest,1,0,0,0,10.0,1,3,Berghotel Mummelsee Black Forest
Bathing,2550.0,3.0,CostaBrava,1,0,0,0,14.0,8,2,Hotel La Huerta Costa Brava
Recreation,1885.0,4.0,ErzGebirge,1,0,0,0,14.0,9,2,Wolfsgruener Schloss Erz Gebirge
Wandering,818.0,2.0,BlackForest,1,0,0,0,7.0,2,3,Berghotel Kandel Black Forest
Bathing,1998.0,2.0,CostaBrava,1,0,0,0,14.0,7,2,Hotel La Huerta Costa Brava
Wandering,758.0,3.0,ErzGebirge,1,0,0,0,7.0,8,2,Wolfsgruener Schloss Erz Gebirge
Recreation,1737.0,4.0,BlackForest,1,0,0,0,7.0,3,3,Berghotel Kandel Black Forest
Bathing,2038.0,8.0,CostaBlanca,1,0,0,0,14.0,10,6,HFlat Costa Blanca
Wandering,758.0,2.0,ErzGebirge,1,0,0,0,7.0,7,2,Wolfsgruener Schloss Erz Gebirge
Wandering,2768.0,2.0,BlackForest,1,0,0,0,14.0,4,4,Treff-Hotel Black Forest
Bathing,1798.0,4.0,CostaBlanca,1,0,0,0,14.0,8,6,HFlat Costa Blanca
Wandering,944.0,8.0,Bavaria,1,0,0,0,7.0,9,6,HFlat Upper Bavaria
Skiing,1735.0,3.0,BlackForest,1,0,0,0,7.0,3,4,Treff-Hotel Black Forest
Bathing,1038.0,4.0,CostaBlanca,1,0,0,0,14.0,7,6,HFlat Costa Blanca
Active,1639.0,5.0,Bavaria,1,0,0,0,7.0,8,6,HFlat Upper Bavaria
Active,748.0,2.0,BlackForest,1,0,0,0,7.0,2,2,Hotel Hirschen Black Forest
Bathing,1259.0,3.0,CostaBlanca,1,0,0,0,7.0,9,6,HFlat Costa Blanca
Active,779.0,2.0,Bavaria,1,0,0,0,7.0,7,6,HFlat Upper Bavaria
Wandering,1227.0,4.0,BlackForest,1,0,0,0,7.0,1,2,Hotel Hirschen Black Forest
Active,1328.0,4.0,Bavaria,0,1,0,0,14.0,6,6,HFlat Upper Bavaria
Wandering,684.0,4.0,Bavaria,1,0,0,0,7.0,10,6,HFlat Upper Bavaria
Recreation,589.0,4.0,Thuringia,1,0,0,0,7.0,8,6,HFlat Thuringia
Active,2388.0,3.0,Thuringia,1,0,0,0,14.0,9,4,Hotel Panorama Thuringia
Active,1497.0,3.0,Thuringia,1,0,0,0,7.0,9,4,Hotel Panorama Thuringia
Recreation,2668.0,2.0,Thuringia,1,0,0,0,14.0,11,4,Hotel Panorama Thuringia
Active,2285.0,3.0,Thuringia,1,0,0,0,14.0,9,4,Hotel Rennsteig Thuringia
Recreation,918.0,2.0,Thuringia,1,0,0,0,7.0,10,4,Hotel Rennsteig Thuringia
Wandering,1377.0,4.0,Thuringia,0,1,0,0,7.0,9,4,Hotel Rennsteig Thuringia
Wandering,2588.0,3.0,Thuringia,1,0,0,0,14.0,8,3,Hotel Finsterbergen Thuringia
Active,998.0,2.0,Thuringia,1,0,0,0,7.0,7,3,Hotel Finsterbergen Thuringia
Recreation,922.0,3.0,Thuringia,1,0,0,0,7.0,9,3,Berghotel Oberhof Thuringia
Skiing,499.0,6.0,Harz,1,0,0,0,7.0,3,6,HFlat Teichtal Harz
Skiing,324.0,3.0,Harz,1,0,0,0,7.0,1,6,HFlat Teichtal Harz
Wandering,1069.0,6.0,Bavaria,1,0,0,0,7.0,9,6,HFlat Upper Bavaria
Wandering,1114.0,4.0,Harz,1,0,0,0,10.0,1,6,HFlat Ferienpark Harz
Wandering,609.0,3.0,Bavaria,1,0,0,0,7.0,7,6,HFlat Upper Bavaria
Recreation,419.0,2.0,Harz,1,0,0,0,7.0,3,6,HFlat Ferienpark Harz
Recreation,1728.0,2.0,Bavaria,0,1,0,0,14.0,8,6,HFlat Upper Bavaria
Recreation,679.0,5.0,Harz,1,0,0,0,7.0,2,6,HFlat Panoramic Harz
Recreation,1618.0,4.0,Bavaria,1,0,0,0,14.0,6,6,HFlat Upper Bavaria
Wandering,599.0,3.0,Harz,1,0,0,0,14.0,0,6,HFlat Panoramic Harz
Recreation,1361.0,2.0,Bavaria,1,0,0,0,14.0,10,6,HFlat Upper Bavaria
Skiing,1235.0,3.0,Harz,1,0,0,0,7.0,3,2,Hotel Fuerstenhoeh Harz
Recreation,814.0,6.0,Alps,0,1,0,0,7.0,9,6,HFlat Upper Bavaria
Recreation,1482.0,4.0,Harz,1,0,0,0,7.0,2,2,Hotel Fuerstenhoeh Harz
Recreation,1254.0,4.0,Alps,1,0,0,0,7.0,7,6,HFlat Upper Bavaria
Recreation,1522.0,3.0,Harz,1,0,0,0,7.0,1,2,Hotel Fuerstenhoeh Harz
Wandering,3762.0,4.0,Alps,1,0,0,0,14.0,8,4,Hotel Zur Post Upper Bavaria
Skiing,1460.0,3.0,Harz,1,0,0,0,7.0,3,2,Hotel Harzquell Harz
Recreation,3135.0,3.0,Alps,1,0,0,0,14.0,9,4,Hotel Zur Post Upper Bavaria
Recreation,3758.0,2.0,Alps,1,0,0,0,21.0,8,4,Hotel Zur Post Upper Bavaria
Recreation,638.0,2.0,Thuringia,1,0,0,0,7.0,6,3,Berghotel Oberhof Thuringia
Recreation,984.0,7.0,BlackForest,0,1,0,0,7.0,8,6,HFlat Black Forest
Recreation,904.0,6.0,BlackForest,1,0,0,0,7.0,11,6,HFlat Black Forest
Recreation,1313.0,2.0,BlackForest,1,0,0,0,14.0,10,6,HFlat Black Forest
Wandering,2538.0,3.0,BlackForest,1,0,0,0,14.0,9,6,HFlat Black Forest
Wandering,1039.0,3.0,BlackForest,1,0,0,0,7.0,8,6,HFlat Black Forest
Wandering,459.0,5.0,BlackForest,1,0,0,0,7.0,7,6,HFlat Black Forest
Wandering,449.0,2.0,BlackForest,0,1,0,0,7.0,6,6,HFlat Black Forest
Recreation,1138.0,2.0,BlackForest,1,0,0,0,7.0,7,4,Kurhotel Black Forest
Wandering,3732.0,4.0,BlackForest,1,0,0,0,14.0,8,4,Kurhotel Black Forest
Wandering,1168.0,2.0,Harz,1,0,0,0,14.0,2,2,Hotel Harzquell Harz
Recreation,2007.0,4.0,Harz,1,0,0,0,7.0,1,2,Hotel Harzquell Harz
Active,2368.0,2.0,Alps,0,1,0,0,14.0,10,3,Hotel Chiemgauer Hof Upper Bavaria
Active,1782.0,4.0,Harz,1,0,0,0,7.0,4,3,Travelhotel Waldfrieden Harz
Recreation,5185.0,3.0,Alps,1,0,0,0,21.0,7,3,Hotel Chiemgauer Hof Upper Bavaria
Wandering,1298.0,2.0,Harz,1,0,0,0,7.0,3,3,Travelhotel Waldfrieden Harz
Recreation,2082.0,4.0,Alps,1,0,0,0,7.0,9,3,Hotel Chiemgauer Hof Upper Bavaria
Recreation,1485.0,3.0,Harz,1,0,0,0,7.0,2,3,Travelhotel Waldfrieden Harz
Wandering,2232.0,3.0,Alps,1,0,0,0,14.0,8,2,Pension Blueml Upper Bavaria
Recreation,2368.0,2.0,Harz,1,0,0,0,10.0,1,3,Travelhotel Waldfrieden Harz
Recreation,648.0,2.0,Alps,1,0,0,0,7.0,7,2,Pension Blueml Upper Bavaria
Skiing,2007.0,4.0,Harz,1,0,0,0,7.0,4,3,Aparthotel Bocksberg Harz
Wandering,644.0,4.0,Allgaeu,1,0,0,0,7.0,8,6,HFlat Allgaeu
Wandering,1648.0,2.0,Harz,1,0,0,0,7.0,3,3,Aparthotel Bocksberg Harz
Wandering,1568.0,4.0,Allgaeu,1,0,0,0,14.0,7,6,HFlat Allgaeu
Recreation,1910.0,3.0,Harz,1,0,0,0,7.0,2,3,Aparthotel Bocksberg Harz
Active,814.0,6.0,Allgaeu,1,0,0,0,7.0,8,6,HFlat Allgaeu
Recreation,2128.0,2.0,Harz,1,0,0,0,7.0,1,3,Aparthotel Bocksberg Harz
Recreation,794.0,4.0,Allgaeu,0,1,0,0,7.0,9,6,HFlat Allgaeu
Wandering,951.0,2.0,Allgaeu,1,0,0,0,7.0,10,5,Hofgut Kuernach Allgaeu
Recreation,922.0,3.0,BlackForest,1,0,0,0,7.0,9,3,Berghotel Kandel Black Forest
Wandering,738.0,2.0,BlackForest,0,1,0,0,7.0,10,3,Berghotel Kandel Black Forest
Wandering,698.0,2.0,BlackForest,1,0,0,0,14.0,9,3,Hotel Waldwinkel Black Forest
Wandering,907.0,3.0,BlackForest,1,0,0,0,7.0,8,3,Hotel Waldwinkel Black Forest
Recreation,868.0,2.0,BlackForest,1,0,0,0,14.0,7,2,Hotel Hirschen Black Forest
Wandering,547.0,3.0,BlackForest,1,0,0,0,7.0,6,2,Hotel Hirschen Black Forest
Active,994.0,4.0,BalticSea,0,1,0,0,14.0,8,6,HFlat Baltic Sea
Recreation,709.0,6.0,BalticSea,1,0,0,0,7.0,6,6,HFlat Baltic Sea
Recreation,539.0,4.0,BalticSea,1,0,0,0,7.0,7,6,HFlat Baltic Sea
Bathing,1818.0,2.0,BalticSea,1,0,0,0,14.0,8,6,HFlat Ruegen
Skiing,549.0,4.0,ErzGebirge,1,0,0,0,7.0,3,6,HFlat Haus Vogtland Erz Gebirge
Active,549.0,6.0,ErzGebirge,1,0,0,0,7.0,3,6,HFlat Haus Vogtland Erz Gebirge
Active,1835.0,2.0,Allgaeu,1,0,0,0,14.0,7,5,Hofgut Kuernach Allgaeu
Active,1098.0,5.0,ErzGebirge,1,0,0,0,14.0,4,6,HFlat Haus Vogtland Erz Gebirge
Wandering,2110.0,3.0,Allgaeu,0,1,0,0,14.0,8,3,Hotel Alpspitz Allgaeu
Recreation,549.0,7.0,ErzGebirge,1,0,0,0,7.0,2,6,HFlat Haus Vogtland Erz Gebirge
Recreation,1060.0,3.0,Allgaeu,1,0,0,0,7.0,9,3,Hotel Alpspitz Allgaeu
Recreation,559.0,6.0,ErzGebirge,1,0,0,0,7.0,1,6,HFlat Haus Vogtland Erz Gebirge
Wandering,972.0,4.0,Allgaeu,1,0,0,0,7.0,8,2,Gasthaus Alpenland Allgaeu
Recreation,1257.0,4.0,ErzGebirge,1,0,0,0,7.0,3,3,Kurhotel Am See Erz Gebirge
Recreation,648.0,2.0,Allgaeu,1,0,0,0,7.0,7,2,Gasthaus Meier Allgaeu
Recreation,838.0,2.0,ErzGebirge,1,0,0,0,7.0,4,3,Kurhotel Am See Erz Gebirge
Recreation,429.0,8.0,Lolland,1,0,0,0,7.0,10,6,HFlat Lolland
Active,2935.0,3.0,ErzGebirge,1,0,0,0,14.0,2,3,Kurhotel Am See Erz Gebirge
Bathing,1598.0,4.0,Lolland,1,0,0,0,14.0,8,6,HFlat Lolland
Recreation,1782.0,4.0,ErzGebirge,1,0,0,0,7.0,2,3,Hotel Vogtland Erz Gebirge
Bathing,629.0,6.0,Lolland,1,0,0,0,7.0,9,6,HFlat Lolland
Skiing,604.0,2.0,ErzGebirge,1,0,0,0,14.0,1,3,Hotel Vogtland Erz Gebirge
Recreation,2839.0,10.0,Fano,1,0,0,0,7.0,8,6,HFlat Romo
Recreation,789.0,5.0,Fano,1,0,0,0,7.0,6,6,HFlat Romo
Bathing,639.0,2.0,BalticSea,1,0,0,0,7.0,9,6,HFlat Fehmarn
Bathing,1044.0,4.0,BalticSea,0,1,0,0,7.0,9,6,HFlat Baltic Sea
Recreation,1972.0,3.0,Tyrol,1,0,0,0,14.0,7,3,Ferienhotel Neuwirt Tyrol
Active,1797.0,3.0,BalticSea,1,0,0,0,7.0,8,4,Ostseehotel Wustrow
Wandering,1808.0,2.0,Tyrol,1,0,0,0,14.0,8,3,Gasthof Panorama Tyrol
Bathing,1438.0,2.0,BalticSea,1,0,0,0,7.0,9,4,Ostseehotel Wustrow
Wandering,798.0,2.0,Tyrol,1,0,0,0,7.0,9,3,Gasthof Panorama Tyrol
Recreation,2226.0,3.0,BalticSea,1,0,0,0,14.0,7,3,NobisHotel Ruegen
Recreation,698.0,2.0,Tyrol,1,0,0,0,7.0,10,2,Gasthof Sonne Tyrol
Bathing,2472.0,4.0,BalticSea,1,0,0,0,14.0,9,3,Hotel Baltic Usedom
Wandering,2322.0,3.0,Tyrol,1,0,0,0,14.0,9,2,Pension Tannenhof Tyrol
Bathing,1047.0,3.0,BalticSea,1,0,0,0,7.0,8,3,Hotel Baltic Usedom
Wandering,897.0,4.0,Tyrol,1,0,0,0,7.0,8,2,Gasthof Post Tyrol
Recreation,1147.0,3.0,BalticSea,0,1,0,0,7.0,10,2,Hotel Am Leuchtturm Warnemuende
Wandering,685.0,3.0,Tyrol,1,0,0,0,7.0,7,1,Gasthof Edelweiss Tyrol
Recreation,918.0,2.0,BalticSea,1,0,0,0,7.0,7,2,Hotel Am Leuchtturm Warnemuende
Wandering,548.0,2.0,Tyrol,1,0,0,0,7.0,6,1,Gasthof Edelweiss Tyrol
Bathing,918.0,3.0,BalticSea,1,0,0,0,7.0,9,2,Hotel Stoertebeker Zingst
Active,909.0,4.0,Styria,1,0,0,0,7.0,8,6,HFlat Styria
Recreation,348.0,2.0,Styria,1,0,0,0,14.0,6,6,HFlat Styria
Recreation,1472.0,3.0,ErzGebirge,1,0,0,0,7.0,3,3,Hotel Stephanshoehe Erz Gebirge
Recreation,838.0,2.0,ErzGebirge,1,0,0,0,14.0,4,3,Hotel Stephanshoehe Erz Gebirge
Recreation,579.0,3.0,Fano,1,0,0,0,7.0,7,6,HFlat Romo
Active,1482.0,4.0,ErzGebirge,1,0,0,0,7.0,3,3,Rathaushotel Erz Gebirge
Recreation,958.0,6.0,Fano,1,0,0,0,14.0,10,6,HFlat Fano
Recreation,1235.0,3.0,ErzGebirge,1,0,0,0,7.0,2,3,Rathaushotel Erz Gebirge
Bathing,1399.0,6.0,Fano,1,0,0,0,7.0,9,6,HFlat Fano
Skiing,1338.0,2.0,ErzGebirge,1,0,0,0,7.0,1,3,Sporthotel Oberwiesenthal Erz Gebirge
Bathing,2838.0,4.0,Fano,1,0,0,0,14.0,8,6,HFlat Fano
Active,1257.0,4.0,ErzGebirge,1,0,0,0,7.0,3,3,Sporthotel Oberwiesenthal Erz Gebirge
Recreation,489.0,6.0,Bornholm,1,0,0,0,7.0,10,6,HFlat Bornholm
Skiing,1178.0,2.0,ErzGebirge,1,0,0,0,7.0,4,3,Hotel Am Fichtelberg Erz Gebirge
Recreation,489.0,6.0,Bornholm,1,0,0,0,7.0,6,6,HFlat Bornholm
Recreation,1257.0,4.0,ErzGebirge,1,0,0,0,7.0,3,3,Hotel Am Fichtelberg Erz Gebirge
Recreation,968.0,6.0,Bornholm,1,0,0,0,14.0,5,6,HFlat Bornholm
Skiing,1472.0,3.0,ErzGebirge,1,0,0,0,7.0,2,3,Hotel Lugsteinhof Erz Gebirge
Bathing,1389.0,4.0,Bornholm,1,0,0,0,7.0,8,6,HFlat Bornholm
Recreation,1338.0,2.0,ErzGebirge,1,0,0,0,7.0,1,3,Hotel Lugsteinhof Erz Gebirge
Bathing,1729.0,5.0,Bornholm,1,0,0,0,7.0,8,6,HFlat Bornholm
Bathing,2273.0,3.0,Bornholm,1,0,0,0,14.0,9,6,HFlat Bornholm
Bathing,1828.0,2.0,BalticSea,1,0,0,0,14.0,8,2,Hotel Stoertebeker Zingst
Active,719.0,3.0,NorthSea,1,0,0,0,7.0,9,6,HFlat Sylt
Recreation,429.0,4.0,Styria,1,0,0,0,7.0,7,6,HFlat Styria
Recreation,1044.0,6.0,NorthSea,0,1,0,0,7.0,7,6,HFlat North Sea
Recreation,379.0,4.0,Styria,1,0,0,0,7.0,8,6,HFlat Styria
Active,2198.0,3.0,NorthSea,1,0,0,0,14.0,10,6,HFlat North Sea
Recreation,569.0,6.0,Styria,1,0,0,0,7.0,9,6,HFlat Styria
Recreation,1138.0,4.0,NorthSea,1,0,0,0,14.0,9,6,HFlat North Sea
Wandering,708.0,2.0,Styria,1,0,0,0,14.0,10,6,HFlat Styria
Recreation,664.0,5.0,NorthSea,1,0,0,0,7.0,8,6,HFlat North Sea
Wandering,369.0,4.0,Styria,1,0,0,0,7.0,9,6,HFlat Styria
Recreation,579.0,4.0,NorthSea,0,1,0,0,7.0,7,6,HFlat North Sea
Wandering,379.0,2.0,Styria,1,0,0,0,7.0,8,6,HFlat Styria
Bathing,2108.0,4.0,NorthSea,1,0,0,0,14.0,9,6,HFlat North Sea
Recreation,678.0,2.0,Styria,1,0,0,0,7.0,7,4,Hotel Haeuserl am Wald Styria
Bathing,669.0,6.0,NorthSea,1,0,0,0,7.0,8,6,HFlat North Sea
Wandering,847.0,3.0,Styria,1,0,0,0,7.0,6,4,Hotel Haeuserl am Wald Styria
Bathing,719.0,4.0,NorthSea,1,0,0,0,7.0,9,6,HFlat North Sea
Active,1578.0,2.0,Styria,1,0,0,0,14.0,10,3,Hotel Berghof Styria
Wandering,1227.0,4.0,Styria,1,0,0,0,7.0,9,3,Hotel Berghof Styria
Active,1018.0,3.0,Bavaria,1,0,0,0,14.0,3,6,HFlat Jaegerwiesen Bavaria
Recreation,699.0,6.0,Bavaria,1,0,0,0,7.0,2,6,HFlat Jaegerwiesen Bavaria
Bathing,2399.0,2.0,Bulgaria,0,0,0,1,14.0,10,4,Grandhotel Varna Albena
Skiing,774.0,8.0,Bavaria,1,0,0,0,7.0,4,6,HFlat Christopherhof Bavaria
Active,2739.0,3.0,Bulgaria,0,0,0,1,14.0,8,4,Hotel Burgas Sunny Beach
Active,454.0,3.0,Bavaria,1,0,0,0,7.0,2,6,HFlat Christopherhof Bavaria
Bathing,3628.0,4.0,Bulgaria,0,0,0,1,21.0,9,3,Hotel Orlav Albena
Recreation,459.0,3.0,Bavaria,1,0,0,0,14.0,3,6,HFlat Am Hochwald Bavaria
Bathing,1383.0,3.0,Bulgaria,0,0,0,1,7.0,9,3,Hotel Gergana Albena
Active,379.0,2.0,Bavaria,1,0,0,0,7.0,2,6,HFlat Am Hochwald Bavaria
Active,1718.0,2.0,Bulgaria,0,0,0,1,14.0,7,3,Hotel Nessebar Sunny Beach
Skiing,774.0,6.0,Bavaria,1,0,0,0,7.0,3,6,HFlat Wildgatter Bavaria
Bathing,1558.0,2.0,Bulgaria,0,0,0,1,7.0,8,3,Hotel Phoenix Sunny Beach
Skiing,449.0,2.0,Bavaria,1,0,0,0,7.0,2,6,HFlat Wildgatter Bavaria
Bathing,1658.0,4.0,Bulgaria,0,0,0,1,7.0,9,2,Hotel Raliza Albena
Recreation,484.0,2.0,Bavaria,1,0,0,0,7.0,3,6,HFlat Reiterhof Bavaria
Bathing,2043.0,3.0,Bulgaria,0,0,0,1,14.0,8,2,Hotel Hemus Sunny Beach
Active,529.0,4.0,Bavaria,1,0,0,0,7.0,1,6,HFlat Reiterhof Bavaria
Bathing,1598.0,2.0,Bulgaria,0,0,0,1,14.0,7,2,Hotel Amfibia Sunny Beach
Recreation,1928.0,2.0,Belgium,0,1,0,0,14.0,8,3,Acces Hotel Mercure Belgium
Recreation,1618.0,2.0,NorthSea,0,1,0,0,7.0,10,2,Hotel Silbermoeve North Sea
Recreation,3228.0,2.0,NorthSea,1,0,0,0,14.0,6,2,Hotel Silbermoeve North Sea
Wandering,2372.0,3.0,Styria,1,0,0,0,14.0,8,3,Hotel Berghof Styria
Bathing,1348.0,2.0,NorthSea,1,0,0,0,7.0,9,2,Pension Nina North Sea
Recreation,478.0,3.0,Styria,1,0,0,0,7.0,6,2,Gasthof Mayer Styria
Bathing,1348.0,3.0,NorthSea,1,0,0,0,7.0,8,2,Pension Nina North Sea
Wandering,898.0,2.0,Styria,1,0,0,0,14.0,7,2,Gasthof Mayer Styria
Recreation,398.0,2.0,NorthSea,1,0,0,0,7.0,7,1,Pension Murra North Sea
Active,1228.0,4.0,SalzbergerLand,1,0,0,0,14.0,7,6,HFlat Salzb Land
Bathing,398.0,2.0,NorthSea,1,0,0,0,7.0,8,1,Pension Murra North Sea
Active,484.0,3.0,SalzbergerLand,1,0,0,0,7.0,8,6,HFlat Salzb Land
Wandering,1248.0,4.0,Harz,1,0,0,0,14.0,9,6,HFlat Harz
Recreation,1223.0,4.0,SalzbergerLand,1,0,0,0,14.0,7,6,HFlat Salzb Land
Wandering,719.0,4.0,Harz,0,1,0,0,7.0,8,6,HFlat Harz
Recreation,719.0,6.0,SalzbergerLand,1,0,0,0,7.0,8,6,HFlat Salzb Land
Recreation,589.0,3.0,Harz,1,0,0,0,7.0,7,6,HFlat Harz
Recreation,399.0,2.0,SalzbergerLand,1,0,0,0,7.0,9,6,HFlat Salzb Land
Recreation,374.0,4.0,Harz,1,0,0,0,7.0,10,6,HFlat Harz
Recreation,354.0,3.0,SalzbergerLand,1,0,0,0,7.0,10,6,HFlat Salzb Land
Wandering,349.0,2.0,SalzbergerLand,1,0,0,0,14.0,9,6,HFlat Salzb Land
